Q10,Q20,Q30,PREC10,PREC20,PREC30,SOL10,SOL20,SOL30,WIN10,WIN20,WIN30,TEM10,TEM20,TEM30,SICL,1SRP,5SRP,9SRP,TP3-6,SRP3-6,TN3-6,time period,N10,N20,N30,P10,P20,P30,1TN,5TN,9TN,CON10,CON20,CON30,WLD10,WLD20,WLD30,WLM10,WLM20,WLM30,ATEM10,ATEM20,ATEM30,NWIND10,NWIND20,NWIND30,EWIND10,EWIND20,EWIND30,CI
108.28,121.81,261.97,3.94,2.40,3.37,112.67,110.35,110.24,2.78,2.96,3.26,17.08,15.29,13.04,20,405,1807,2596,1073,188,19778,1,60,63,164,1.67,1.75,8.52,43310.42198,197595.4354,338508.0665,603.33,568.57,529.40,174.44,174.43,174.41,174.40,174.38,174.36,15.92,14.47,12.46,-3.91,-4.01,-4.54,1.85,0.70,0.00,1.65
42.45,75.36,95.36,0.20,2.07,1.66,118.09,115.38,112.93,3.05,2.91,2.99,17.51,17.29,16.03,20,405,1807,2596,1073,188,19778,2,23,41,50,0.64,1.16,1.38,43310.42198,197595.4354,338508.0665,560.51,581.92,565.88,174.40,174.42,174.42,174.31,174.36,174.36,17.78,16.85,15.57,-4.75,-4.33,-4.26,-1.54,0.15,-0.05,1.72
61.25,51.85,70.66,0.94,0.57,1.69,132.32,125.21,121.03,2.22,2.63,2.68,23.13,20.32,19.24,20,405,1807,2596,1073,188,19778,3,22,22,35,0.75,0.69,1.02,43310.42198,197595.4354,338508.0665,565.50,563.01,576.45,174.41,174.40,174.42,174.31,174.31,174.34,23.27,20.53,18.99,-3.46,-4.10,-4.04,-1.10,-1.32,-0.26,2.21
22.27,41.76,41.99,0.20,0.57,0.45,102.51,117.42,117.64,2.98,2.60,2.75,22.75,22.94,21.13,20,405,1807,2596,1073,188,19778,4,7,14,17,0.31,0.53,0.56,43310.42198,197595.4354,338508.0665,482.34,523.92,536.12,174.42,174.41,174.41,174.31,174.31,174.31,24.30,23.79,21.78,-4.30,-3.88,-4.17,0.35,-0.38,-0.76,2.11
11.98,17.13,31.83,0.00,0.10,0.38,108.47,105.49,114.44,2.27,2.62,2.49,22.79,22.77,22.89,20,405,1807,2596,1073,188,19778,5,2,4,10,0.15,0.23,0.40,43310.42198,197595.4354,338508.0665,419.61,450.98,489.15,174.39,174.40,174.41,174.27,174.29,174.29,23.61,23.96,23.73,-3.69,-3.99,-3.81,1.02,0.69,0.09,2.70
16.64,14.31,16.96,4.73,2.37,1.64,113.78,111.13,108.25,3.44,2.85,2.90,23.16,22.97,22.90,20,405,1807,2596,1073,188,19778,6,2,2,4,0.22,0.19,0.23,43310.42198,197595.4354,338508.0665,460.28,439.95,454.08,174.37,174.38,174.39,174.22,174.24,174.26,24.04,23.82,23.98,-5.72,-4.70,-4.57,-1.00,0.01,0.13,2.54
22.29,19.47,16.97,0.61,2.67,1.78,88.69,101.23,103.65,2.68,3.06,2.79,21.97,22.56,22.64,20,405,1807,2596,1073,188,19778,7,3,2,2,0.41,0.32,0.26,43310.42198,197595.4354,338508.0665,620.47,540.37,500.12,174.39,174.38,174.38,174.26,174.24,174.25,23.68,23.86,23.78,-4.59,-5.15,-4.66,2.20,0.60,0.74,2.79
8.61,15.45,15.85,1.48,1.05,2.27,112.66,100.68,105.04,3.32,3.00,3.15,23.21,22.59,22.78,20,405,1807,2596,1073,188,19778,8,1,2,2,0.12,0.27,0.25,43310.42198,197595.4354,338508.0665,643.09,631.78,574.61,174.32,174.35,174.36,174.11,174.18,174.19,24.61,24.15,24.11,-5.22,-4.90,-5.17,-3.63,-0.72,-0.81,2.57
23.57,16.09,18.16,1.02,1.25,1.04,93.14,102.90,98.16,2.66,2.99,2.89,20.83,22.02,22.01,20,405,1807,2596,1073,188,19778,9,3,2,2,0.32,0.22,0.29,43310.42198,197595.4354,338508.0665,622.30,632.69,628.62,174.37,174.34,174.36,174.20,174.15,174.19,22.48,23.55,23.59,-4.72,-4.97,-4.84,2.22,-0.71,0.26,3.15
5.82,14.69,12.67,0.00,0.51,0.83,63.82,78.48,89.87,2.69,2.67,2.89,20.86,20.85,21.63,20,405,1807,2596,1073,188,19778,10,1,2,2,0.06,0.19,0.17,43310.42198,197595.4354,338508.0665,670.25,646.27,645.21,174.31,174.34,174.33,174.12,174.16,174.14,22.84,22.66,23.31,-5.08,-4.90,-5.00,2.42,2.32,0.34,2.88
3.53,4.67,10.97,0.66,0.33,0.56,68.37,66.09,75.11,2.55,2.62,2.63,19.70,20.28,20.46,20,405,1807,2596,1073,188,19778,11,0,1,1,0.04,0.05,0.14,43310.42198,197595.4354,338508.0665,729.83,700.04,674.13,174.25,174.28,174.31,174.05,174.09,174.12,21.91,22.38,22.41,-4.75,-4.92,-4.85,-1.10,0.66,1.18,2.52
10.36,6.94,6.57,4.67,2.67,1.78,65.06,66.72,65.75,3.12,2.83,2.79,16.26,17.98,18.94,20,405,1807,2596,1073,188,19778,12,1,1,1,0.10,0.07,0.07,43310.42198,197595.4354,338508.0665,729.91,729.87,710.00,174.22,174.24,174.26,174.03,174.04,174.07,19.30,20.60,21.35,-5.87,-5.31,-5.23,-0.81,-0.95,0.17,1.94
14.64,12.50,9.51,1.27,2.97,2.20,55.00,60.03,62.81,3.87,3.50,3.18,16.32,16.29,17.43,20,405,1807,2596,1073,188,19778,13,1,1,1,0.15,0.13,0.10,43310.42198,197595.4354,338508.0665,749.46,739.69,736.40,174.17,174.20,174.21,173.98,174.01,174.02,18.59,18.94,19.93,-5.97,-5.92,-5.53,-1.04,-0.92,-0.98,2.05
5.33,9.98,10.11,0.16,0.72,2.03,61.08,58.04,60.38,3.18,3.53,3.39,9.64,12.98,14.07,20,405,1807,2596,1073,188,19778,14,1,1,1,0.05,0.10,0.10,43310.42198,197595.4354,338508.0665,824.96,787.21,768.11,174.09,174.13,174.16,173.96,173.97,173.99,13.25,15.92,17.05,-5.79,-5.88,-5.88,-1.78,-1.41,-1.21,1.91
8.00,6.66,9.32,2.22,1.19,1.22,48.53,54.80,54.87,3.61,3.40,3.56,5.62,7.63,10.53,20,405,1807,2596,1073,188,19778,15,1,1,1,0.05,0.05,0.09,43310.42198,197595.4354,338508.0665,844.85,836.20,809.92,174.04,174.06,174.10,173.98,173.97,173.97,8.82,10.75,13.12,-7.16,-6.57,-6.39,1.03,-0.19,-0.45,1.56
52.95,66.88,325.53,0.35,1.59,1.72,100.45,108.23,109.71,2.95,2.90,3.35,14.14,12.86,12.72,104,248,1557,2566,1362,300,33424,1,30,44,278,0.48,0.74,14.32,28847.33516,174318.2718,339587.5653,655.75,641.43,591.56,174.23,174.21,174.20,174.17,174.17,174.16,13.80,12.99,12.40,-4.69,-4.38,-5.18,-0.98,-0.22,0.28,3.85
300.29,176.62,144.68,6.73,3.54,3.31,111.56,106.00,109.34,2.91,2.93,2.90,16.98,15.56,14.23,104,248,1557,2566,1362,300,33424,2,325,177,137,8.21,4.35,3.23,28847.33516,174318.2718,339587.5653,582.51,619.13,621.79,174.28,174.25,174.24,174.26,174.21,174.20,16.00,14.90,14.00,-4.66,-4.67,-4.47,2.46,0.74,0.68,3.24
102.87,201.58,152.04,0.84,3.79,2.64,99.43,105.50,103.81,2.96,2.93,2.94,19.93,18.45,17.01,104,248,1557,2566,1362,300,33424,3,90,207,148,2.69,5.45,3.80,28847.33516,174318.2718,339587.5653,477.51,530.01,571.92,174.26,174.27,174.26,174.16,174.21,174.20,20.70,18.35,16.83,-3.67,-4.16,-4.34,-2.66,-0.10,-0.39,2.29
440.38,271.62,281.18,5.18,3.01,4.25,110.85,105.14,107.28,2.69,2.83,2.85,23.13,21.53,20.01,104,248,1557,2566,1362,300,33424,4,297,193,237,18.65,10.67,9.85,28847.33516,174318.2718,339587.5653,468.06,472.79,509.36,174.27,174.27,174.27,174.16,174.16,174.19,22.53,21.61,19.74,-4.29,-3.98,-4.20,-1.09,-1.87,-0.43,2.17
440.32,440.35,327.86,0.29,2.74,2.10,93.21,102.03,101.17,3.17,2.93,2.94,20.12,21.62,21.06,104,248,1557,2566,1362,300,33424,5,185,241,191,12.39,15.52,11.25,28847.33516,174318.2718,339587.5653,341.81,404.94,429.13,174.26,174.27,174.27,174.15,174.16,174.16,21.64,22.09,21.62,-5.35,-4.82,-4.44,-2.38,-1.73,-2.04,3.06
225.81,333.06,368.83,4.81,2.55,3.43,98.04,95.63,100.70,3.02,3.10,2.96,20.23,20.17,21.16,104,248,1557,2566,1362,300,33424,6,76,131,186,6.00,9.20,12.35,28847.33516,174318.2718,339587.5653,432.24,387.03,414.04,174.30,174.28,174.28,174.19,174.17,174.17,21.49,21.57,21.89,-4.80,-5.08,-4.81,-0.89,-1.63,-1.45,1.15
451.16,338.48,372.43,4.63,4.72,3.24,114.61,106.32,101.95,2.15,2.59,2.78,21.93,21.08,20.76,104,248,1557,2566,1362,300,33424,7,157,116,139,13.74,9.87,10.71,28847.33516,174318.2718,339587.5653,403.45,417.84,392.50,174.33,174.31,174.30,174.22,174.21,174.19,22.34,21.91,21.82,-3.69,-4.25,-4.62,0.18,-0.35,-1.03,1.80
104.85,278.01,260.61,1.83,3.23,3.76,94.08,104.34,102.24,2.34,2.25,2.50,21.77,21.85,21.31,104,248,1557,2566,1362,300,33424,8,29,93,87,2.09,7.91,7.27,28847.33516,174318.2718,339587.5653,454.22,428.83,429.97,174.34,174.34,174.32,174.23,174.23,174.21,23.20,22.77,22.34,-4.01,-3.85,-4.17,1.52,0.85,0.27,3.36
26.34,65.59,194.12,1.07,1.45,2.51,91.83,92.96,100.17,3.00,2.67,2.50,21.88,21.82,21.86,104,248,1557,2566,1362,300,33424,9,4,16,63,0.35,1.22,5.39,28847.33516,174318.2718,339587.5653,470.13,462.17,442.60,174.29,174.31,174.32,174.12,174.18,174.19,23.61,23.41,23.05,-5.45,-4.73,-4.38,-0.84,0.34,0.29,6.54
295.34,160.84,142.17,7.06,4.07,3.32,81.59,86.71,89.17,2.75,2.88,2.70,17.65,19.77,20.43,104,248,1557,2566,1362,300,33424,10,76,40,36,9.25,4.80,3.90,28847.33516,174318.2718,339587.5653,461.48,465.80,461.94,174.28,174.28,174.30,174.17,174.15,174.17,20.02,21.82,22.28,-4.98,-5.21,-4.81,1.86,0.51,0.84,5.24
47.69,171.51,123.12,0.92,3.99,3.02,66.99,74.29,80.14,2.95,2.85,2.90,17.99,17.82,19.17,104,248,1557,2566,1362,300,33424,11,12,44,31,0.91,5.08,3.50,28847.33516,174318.2718,339587.5653,437.03,449.25,456.21,174.25,174.26,174.27,174.10,174.13,174.13,21.15,20.59,21.59,-6.05,-5.52,-5.49,2.84,2.35,1.28,8.99
161.24,104.46,168.09,6.25,3.59,4.74,64.24,65.61,70.94,3.94,3.45,3.21,13.70,15.84,16.45,104,248,1557,2566,1362,300,33424,12,56,34,48,4.78,2.85,4.98,28847.33516,174318.2718,339587.5653,513.08,475.05,470.53,174.14,174.19,174.22,173.94,174.02,174.07,17.48,19.31,19.55,-7.65,-6.85,-6.23,-2.75,0.05,0.65,3.16
207.58,184.41,138.84,0.77,3.51,2.65,53.36,58.80,61.53,3.57,3.76,3.49,8.19,10.94,13.29,104,248,1557,2566,1362,300,33424,13,82,69,50,6.62,5.70,4.11,28847.33516,174318.2718,339587.5653,436.70,474.89,462.27,174.03,174.09,174.14,173.85,173.90,173.97,11.31,14.39,16.65,-7.51,-7.58,-7.07,-6.75,-4.75,-2.22,1.83
111.28,159.43,160.03,3.71,2.24,3.58,51.56,52.46,56.39,3.23,3.40,3.58,11.37,9.78,11.08,104,248,1557,2566,1362,300,33424,14,48,65,62,2.41,4.52,4.61,28847.33516,174318.2718,339587.5653,593.82,515.26,514.53,174.02,174.02,174.06,173.90,173.88,173.90,14.20,12.76,14.33,-5.40,-6.45,-6.85,-1.77,-4.26,-3.76,3.44
83.96,97.62,134.27,2.00,2.86,2.16,48.15,49.86,51.02,3.56,3.39,3.45,7.78,9.57,9.11,104,248,1557,2566,1362,300,33424,15,40,44,56,1.85,2.13,3.63,28847.33516,174318.2718,339587.5653,636.81,618.12,563.14,173.98,174.00,174.01,173.86,173.88,173.87,10.53,12.13,11.88,-6.90,-6.25,-6.63,-3.85,-2.94,-4.10,1.96
369.17,385.52,310.20,2.59,4.15,3.51,109.63,116.73,116.31,3.10,3.31,3.27,18.42,17.63,17.26,91,784,1953,3297,977,197,22054,1,320,363,269,18.62,19.02,13.64,56741.51421,195504.4569,373430.0561,443.67,463.56,527.42,174.42,174.41,174.37,174.34,174.33,174.30,17.87,16.83,16.10,-4.74,-4.82,-4.68,-0.56,-0.14,0.41,2.16
851.04,610.11,540.69,6.81,4.70,5.04,104.37,107.00,112.61,3.12,3.11,3.25,19.67,19.05,18.31,91,784,1953,3297,977,197,22054,2,632,476,453,29.04,23.83,22.36,56741.51421,195504.4569,373430.0561,413.91,428.79,447.01,174.48,174.45,174.43,174.42,174.38,174.36,18.91,18.39,17.53,-4.90,-4.82,-4.85,0.78,0.11,0.17,1.33
111.02,481.03,443.74,0.49,3.65,3.30,96.85,100.61,103.61,3.42,3.27,3.21,18.11,18.89,18.73,91,784,1953,3297,977,197,22054,3,56,344,336,2.05,15.55,16.57,56741.51421,195504.4569,373430.0561,526.90,470.41,461.49,174.44,174.46,174.45,174.37,174.39,174.38,19.25,19.08,18.67,-5.01,-4.96,-4.88,-3.39,-1.31,-1.06,1.22
41.83,76.42,334.63,0.66,0.58,2.65,107.07,101.96,102.76,3.37,3.39,3.30,21.31,19.71,19.70,91,784,1953,3297,977,197,22054,4,11,34,233,0.51,1.28,10.54,56741.51421,195504.4569,373430.0561,520.18,523.54,487.00,174.45,174.44,174.46,174.36,174.36,174.38,21.32,20.28,19.83,-5.17,-5.09,-5.03,-0.50,-1.94,-1.04,2.42
42.04,41.93,64.96,1.15,0.91,0.77,119.10,113.08,107.67,3.16,3.26,3.31,21.79,21.55,20.40,91,784,1953,3297,977,197,22054,5,7,9,25,0.72,0.62,1.10,56741.51421,195504.4569,373430.0561,560.24,540.21,535.77,174.43,174.44,174.44,174.33,174.34,174.35,21.96,21.64,20.84,-4.75,-4.96,-4.98,-1.26,-0.88,-1.72,1.93
110.03,76.04,64.63,4.24,2.70,2.02,104.63,111.86,110.26,3.44,3.30,3.32,20.25,21.02,21.12,91,784,1953,3297,977,197,22054,6,23,15,14,2.15,1.44,1.13,56741.51421,195504.4569,373430.0561,495.08,527.66,525.17,174.47,174.45,174.45,174.37,174.35,174.35,20.65,21.30,21.31,-5.64,-5.20,-5.19,1.50,0.12,-0.09,1.84
106.27,108.15,86.11,1.37,2.81,2.25,85.98,95.30,103.23,3.09,3.26,3.23,21.16,20.70,21.07,91,784,1953,3297,977,197,22054,7,24,23,18,2.14,2.14,1.67,56741.51421,195504.4569,373430.0561,481.14,488.11,512.15,174.48,174.47,174.46,174.36,174.37,174.35,21.46,21.05,21.35,-4.89,-5.27,-5.09,0.03,0.76,0.09,3.61
21.17,63.72,79.16,2.82,2.10,2.81,104.29,95.14,98.30,2.88,2.98,3.14,18.99,20.07,20.13,91,784,1953,3297,977,197,22054,8,4,14,17,0.34,1.24,1.54,56741.51421,195504.4569,373430.0561,481.71,481.43,485.98,174.42,174.45,174.46,174.27,174.31,174.33,19.91,20.68,20.67,-5.22,-5.05,-5.25,-2.77,-1.37,-0.42,2.04
87.80,54.49,71.75,6.69,4.76,3.63,82.15,93.22,90.81,3.30,3.09,3.09,21.09,20.04,20.41,91,784,1953,3297,977,197,22054,9,18,11,15,1.51,0.93,1.33,56741.51421,195504.4569,373430.0561,537.66,509.69,500.17,174.43,174.42,174.44,174.28,174.27,174.30,21.21,20.56,20.86,-4.91,-5.06,-5.00,-0.04,-1.40,-0.93,3.21
230.90,159.35,113.29,2.61,4.65,4.04,78.45,80.30,88.30,3.03,3.16,3.07,21.06,21.08,20.38,91,784,1953,3297,977,197,22054,10,55,36,26,7.05,4.28,2.97,56741.51421,195504.4569,373430.0561,383.28,460.47,467.55,174.46,174.45,174.44,174.35,174.31,174.30,21.57,21.39,20.90,-4.91,-4.91,-5.01,2.64,1.30,-0.06,6.11
42.40,136.65,120.37,0.00,1.31,3.10,68.52,73.49,76.38,3.82,3.42,3.38,19.66,20.36,20.60,91,784,1953,3297,977,197,22054,11,8,31,27,1.06,4.06,3.21,56741.51421,195504.4569,373430.0561,357.23,370.26,426.06,174.43,174.45,174.44,174.32,174.33,174.31,20.31,20.94,21.03,-5.72,-5.31,-5.18,2.52,2.58,1.71,4.36
13.36,27.88,95.55,0.08,0.04,0.90,60.55,64.54,69.17,2.94,3.38,3.26,18.06,18.86,19.60,91,784,1953,3297,977,197,22054,12,2,5,22,0.20,0.63,2.77,56741.51421,195504.4569,373430.0561,379.29,368.26,373.27,174.36,174.40,174.42,174.26,174.29,174.31,19.27,19.79,20.38,-4.09,-4.90,-4.91,1.73,2.13,2.30,3.07
17.97,15.67,24.58,1.09,0.59,0.39,47.75,54.15,58.94,3.93,3.43,3.56,13.53,15.79,17.08,91,784,1953,3297,977,197,22054,13,2,2,4,0.22,0.21,0.49,56741.51421,195504.4569,373430.0561,467.04,423.16,401.19,174.24,174.30,174.34,174.11,174.18,174.23,15.62,17.44,18.40,-5.98,-5.03,-5.26,-2.70,-0.49,0.52,2.60
11.59,14.78,14.31,3.54,2.32,1.57,47.77,47.76,52.03,4.29,4.11,3.72,10.39,11.96,13.99,91,784,1953,3297,977,197,22054,14,1,2,2,0.14,0.18,0.19,56741.51421,195504.4569,373430.0561,538.36,502.70,461.56,174.09,174.16,174.23,173.95,174.03,174.10,12.43,14.02,15.77,-7.50,-6.74,-5.86,-3.72,-3.21,-1.56,1.80
43.45,27.52,24.34,1.78,2.66,2.14,43.40,45.59,46.31,3.96,4.12,4.06,12.42,11.40,12.11,91,784,1953,3297,977,197,22054,15,7,4,3,0.56,0.35,0.30,56741.51421,195504.4569,373430.0561,757.72,662.35,603.16,174.16,174.13,174.16,174.09,174.02,174.05,13.42,12.99,13.79,-6.31,-6.83,-6.57,2.53,-0.18,-0.95,0.80
47.40,72.29,69.20,0.28,1.04,1.75,109.07,102.04,106.15,3.01,2.80,3.22,22.02,18.52,16.42,103,926,2754,4083,292,79,8528,1,13,27,26,0.61,0.79,0.68,35096.08197,204483.5128,374609.0764,625.15,636.03,625.82,174.44,174.44,174.46,174.38,174.39,174.42,20.11,174.47,199.87,-4.17,-47.65,-79.62,1.37,1.53,25.25,2.22
33.86,40.63,59.48,0.74,0.51,0.94,124.41,116.74,109.50,3.72,3.37,3.11,20.56,21.29,19.20,103,926,2754,4083,292,79,8528,2,7,10,20,0.51,0.56,0.70,35096.08197,204483.5128,374609.0764,638.94,632.05,637.00,174.40,174.42,174.43,174.31,174.34,174.36,20.10,20.10,123.01,-5.35,-4.76,-33.55,-1.23,0.07,0.61,1.49
12.45,23.16,31.24,3.20,1.97,1.41,118.09,121.25,117.19,2.53,3.13,3.09,24.55,22.56,22.38,103,926,2754,4083,292,79,8528,3,2,4,7,0.19,0.35,0.44,35096.08197,204483.5128,374609.0764,675.84,657.39,646.64,174.41,174.40,174.42,174.30,174.31,174.33,22.77,21.43,20.99,-3.50,-4.43,-4.34,-0.55,-0.89,-0.14,2.34
22.15,17.30,22.82,0.03,1.62,1.32,88.61,103.35,110.37,2.84,2.68,3.03,22.78,23.66,22.63,103,926,2754,4083,292,79,8528,4,3,2,4,0.28,0.24,0.33,35096.08197,204483.5128,374609.0764,644.72,660.28,653.17,174.38,174.39,174.40,174.27,174.29,174.29,22.22,22.50,21.70,-4.72,-4.11,-4.53,0.69,0.07,-0.36,2.56
26.00,24.08,20.20,4.57,2.30,2.60,105.10,96.85,103.93,2.76,2.80,2.71,25.53,24.15,24.29,103,926,2754,4083,292,79,8528,5,5,4,3,0.39,0.33,0.29,35096.08197,204483.5128,374609.0764,642.92,643.82,654.50,174.35,174.36,174.38,174.22,174.25,174.27,25.28,23.75,23.42,-4.46,-4.59,-4.23,-0.71,-0.01,-0.19,2.28
83.71,54.86,43.95,8.18,6.38,4.26,90.08,97.59,94.60,3.15,2.96,2.92,24.22,24.87,24.17,103,926,2754,4083,292,79,8528,6,30,18,13,1.27,0.83,0.65,35096.08197,204483.5128,374609.0764,612.74,627.83,633.46,174.35,174.35,174.36,174.22,174.22,174.24,24.24,24.76,23.91,-5.03,-4.75,-4.74,-0.91,-0.81,-0.31,2.64
24.36,54.04,44.69,0.00,4.09,4.25,94.46,92.27,96.55,2.57,2.86,2.83,25.21,24.71,24.99,103,926,2754,4083,292,79,8528,7,10,20,15,0.30,0.79,0.65,35096.08197,204483.5128,374609.0764,499.31,556.03,584.99,174.33,174.34,174.34,174.18,174.20,174.21,25.55,24.90,25.02,-3.69,-4.36,-4.39,-0.56,-0.74,-0.73,3.03
14.50,19.43,40.86,1.76,0.88,3.31,100.13,97.30,94.89,2.95,2.76,2.89,24.50,24.86,24.64,103,926,2754,4083,292,79,8528,8,3,6,14,0.16,0.23,0.58,35096.08197,204483.5128,374609.0764,517.23,508.27,543.10,174.31,174.32,174.33,174.17,174.18,174.19,24.51,25.03,24.77,-5.05,-4.37,-4.59,1.14,0.29,-0.11,2.30
8.27,11.38,15.71,1.65,1.71,1.14,90.83,95.48,95.14,3.27,3.11,2.93,22.11,23.31,23.94,103,926,2754,4083,292,79,8528,9,1,2,5,0.10,0.13,0.19,35096.08197,204483.5128,374609.0764,514.07,515.65,510.20,174.27,174.29,174.30,174.12,174.14,174.16,22.63,23.57,24.23,-5.15,-5.10,-4.63,0.42,0.78,0.33,2.51
19.12,13.70,13.96,1.07,1.36,1.49,66.81,78.82,85.92,3.36,3.31,3.19,21.18,21.64,22.60,103,926,2754,4083,292,79,8528,10,3,2,2,0.27,0.19,0.18,35096.08197,204483.5128,374609.0764,556.60,535.34,529.30,174.28,174.27,174.29,174.14,174.13,174.14,21.86,22.25,23.00,-5.09,-5.12,-5.10,0.27,0.35,0.61,2.03
8.35,13.74,11.92,2.59,1.83,1.77,69.30,68.06,75.65,3.25,3.30,3.29,20.98,21.08,21.42,103,926,2754,4083,292,79,8528,11,1,2,2,0.10,0.19,0.16,35096.08197,204483.5128,374609.0764,609.53,583.07,560.07,174.24,174.26,174.26,174.12,174.13,174.13,21.64,21.75,22.05,-5.04,-5.07,-5.09,1.04,0.66,0.58,2.77
106.46,57.41,44.65,4.34,3.47,2.67,66.75,68.02,67.62,3.98,3.61,3.53,19.58,20.28,20.58,103,926,2754,4083,292,79,8528,12,53,27,19,2.11,1.11,0.83,35096.08197,204483.5128,374609.0764,684.13,646.83,616.75,174.22,174.23,174.25,174.08,174.10,174.11,20.71,21.18,21.40,-6.07,-5.55,-5.40,-0.44,0.30,0.29,1.53
82.22,94.34,65.68,0.28,2.31,2.40,56.17,61.46,64.07,4.04,4.01,3.76,16.72,18.15,19.09,103,926,2754,4083,292,79,8528,13,58,55,37,1.59,1.85,1.27,35096.08197,204483.5128,374609.0764,512.66,598.39,602.11,174.18,174.20,174.21,174.06,174.07,174.09,18.33,19.52,20.23,-5.92,-5.99,-5.68,0.00,-0.22,0.20,2.67
10.04,46.13,66.24,0.31,0.30,1.64,52.04,54.10,58.32,3.68,3.86,3.90,13.64,15.18,16.64,103,926,2754,4083,292,79,8528,14,5,31,39,0.12,0.86,1.28,35096.08197,204483.5128,374609.0764,576.51,544.59,591.10,174.13,174.15,174.17,174.04,174.05,174.06,15.07,16.70,18.04,-6.22,-6.07,-6.07,-0.53,-0.27,-0.32,1.94
37.39,23.71,43.22,0.25,0.28,0.28,50.20,51.12,52.80,4.20,3.94,3.97,8.35,10.99,12.90,103,926,2754,4083,292,79,8528,15,15,10,26,0.38,0.25,0.70,35096.08197,204483.5128,374609.0764,624.46,603.61,576.05,174.07,174.10,174.12,174.02,174.03,174.04,10.63,12.57,14.31,-7.21,-6.78,-6.52,-0.02,-0.24,-0.17,1.30
58.26,86.07,130.15,0.77,0.76,1.50,95.13,102.18,102.85,3.06,2.95,2.90,19.20,18.71,18.43,55,508,2871,4273,572,123,17207,2,38,56,103,1.14,1.54,2.91,34114.90447,198110.2578,352395.2712,543.48,575.91,566.00,174.34,174.34,174.33,174.24,174.26,174.26,19.03,19.29,18.56,-4.47,-4.53,-4.17,0.15,0.54,0.20,2.37
118.38,88.32,96.84,8.43,4.60,3.31,101.16,98.14,101.84,2.72,2.89,2.87,20.39,19.79,19.27,55,508,2871,4273,572,123,17207,3,81,59,64,2.58,1.86,1.89,34114.90447,198110.2578,352395.2712,514.14,528.81,555.32,174.40,174.37,174.36,174.28,174.26,174.27,20.26,19.65,19.62,-4.24,-4.35,-4.43,-0.29,-0.07,0.26,2.50
50.63,84.50,75.76,5.13,6.78,4.78,103.48,102.32,99.92,3.52,3.12,3.10,21.51,20.95,20.37,55,508,2871,4273,572,123,17207,4,21,51,47,0.93,1.75,1.55,34114.90447,198110.2578,352395.2712,504.57,509.36,520.73,174.39,174.39,174.37,174.24,174.26,174.25,21.78,21.02,20.36,-4.67,-4.46,-4.46,-2.48,-1.38,-0.87,1.85
92.17,158.99,122.87,8.50,9.11,7.78,109.75,106.68,105.61,3.49,3.27,3.36,23.78,23.81,23.04,55,508,2871,4273,572,123,17207,6,28,51,41,1.92,3.94,2.94,34114.90447,198110.2578,352395.2712,442.44,429.28,454.38,174.41,174.42,174.41,174.26,174.27,174.26,23.92,23.86,23.17,-5.22,-4.72,-4.70,-3.74,-2.01,-2.16,0.09
15.41,44.26,60.23,1.22,1.82,4.05,81.37,82.62,91.66,3.13,3.26,3.34,22.16,23.54,23.62,55,508,2871,4273,572,123,17207,8,2,10,16,0.21,0.79,1.17,34114.90447,198110.2578,352395.2712,488.60,477.04,465.51,174.41,174.43,174.42,174.26,174.27,174.27,22.84,24.05,24.00,-5.26,-5.22,-5.22,2.28,0.38,-0.99,2.03
40.70,45.55,35.11,2.39,1.21,2.32,76.04,82.24,86.80,3.45,3.51,3.18,18.46,18.79,19.81,55,508,2871,4273,572,123,17207,11,8,8,6,0.53,0.67,0.52,34114.90447,198110.2578,352395.2712,616.48,634.91,586.43,174.35,174.38,174.38,174.22,174.27,174.26,19.09,21.59,21.85,-6.37,-6.40,-5.79,1.39,2.31,1.85,3.67
27.14,33.92,39.42,2.64,2.52,1.69,62.81,69.42,75.76,4.43,3.94,3.81,14.65,16.56,17.41,55,508,2871,4273,572,123,17207,12,7,7,8,0.35,0.44,0.56,34114.90447,198110.2578,352395.2712,662.64,639.56,644.15,174.22,174.28,174.33,174.04,174.13,174.19,28.54,23.81,23.90,-7.27,-6.82,-6.69,-4.72,-1.66,-0.03,3.25
57.23,42.18,41.69,2.70,2.67,2.58,45.47,54.14,61.44,3.64,4.04,3.84,13.56,14.11,15.56,55,508,2871,4273,572,123,17207,13,15,11,10,0.87,0.61,0.58,34114.90447,198110.2578,352395.2712,634.79,648.71,637.97,174.26,174.24,174.27,174.15,174.10,174.14,18.64,23.59,22.09,-6.18,-6.72,-6.61,1.14,-1.79,-0.73,2.30
112.15,84.69,65.51,5.77,4.24,3.70,52.05,48.76,53.44,5.10,4.37,4.39,9.78,11.67,12.66,55,508,2871,4273,572,123,17207,14,62,38,28,4.51,2.69,1.91,34114.90447,198110.2578,352395.2712,657.36,646.08,651.60,174.10,174.18,174.19,173.90,174.03,174.03,15.93,17.29,21.04,-8.50,-7.34,-7.32,-4.07,-1.47,-2.55,1.28
30.26,25.92,35.30,3.80,2.08,1.71,100.52,110.28,106.47,3.01,2.74,3.08,19.11,18.94,17.04,70,665,3131,4440,1013,253,13422,1,12,9,13,0.44,0.35,0.55,40614.24618,195414.082,340885.0186,578.32,562.87,563.64,174.39,174.40,174.41,174.30,174.33,174.35,18.37,17.83,15.74,-4.68,-4.02,-4.40,0.03,0.63,0.62,2.61
6.87,18.57,19.57,0.33,2.07,1.49,97.89,99.20,106.15,2.60,2.81,2.69,21.60,20.35,19.83,70,665,3131,4440,1013,253,13422,2,2,7,6,0.07,0.26,0.26,40614.24618,195414.082,340885.0186,626.39,602.35,584.05,174.38,174.38,174.39,174.29,174.30,174.32,21.32,19.84,18.99,-3.59,-4.14,-3.88,0.40,0.21,0.55,3.13
10.88,8.88,16.01,3.38,1.86,2.50,109.83,103.86,102.74,2.81,2.71,2.81,20.98,21.29,20.56,70,665,3131,4440,1013,253,13422,3,2,2,5,0.13,0.10,0.21,40614.24618,195414.082,340885.0186,548.13,587.26,584.28,174.36,174.37,174.38,174.25,174.27,174.28,20.99,21.15,20.23,-4.04,-3.82,-4.10,0.65,0.52,0.36,2.09
11.81,11.35,9.86,1.14,2.26,1.62,96.47,103.15,101.40,3.24,3.03,2.89,22.54,21.76,21.71,70,665,3131,4440,1013,253,13422,4,2,2,2,0.20,0.16,0.13,40614.24618,195414.082,340885.0186,579.46,563.80,584.66,174.33,174.35,174.36,174.19,174.22,174.24,22.31,21.65,21.54,-4.48,-4.26,-4.04,-0.67,-0.01,0.13,2.96
6.70,9.25,9.80,3.03,2.09,2.52,102.21,99.34,102.83,3.36,3.30,3.14,21.37,21.95,21.63,70,665,3131,4440,1013,253,13422,5,1,1,1,0.10,0.15,0.14,40614.24618,195414.082,340885.0186,655.98,617.72,594.53,174.24,174.29,174.31,174.10,174.14,174.18,21.68,22.00,21.66,-5.58,-5.03,-4.70,-4.39,-2.53,-1.47,2.80
18.43,12.57,12.31,4.47,3.75,2.88,104.90,103.55,101.19,2.49,2.92,3.03,21.38,21.38,21.76,70,665,3131,4440,1013,253,13422,6,2,2,2,0.33,0.22,0.21,40614.24618,195414.082,340885.0186,702.35,679.16,645.93,174.29,174.26,174.29,174.18,174.14,174.15,21.24,21.46,21.75,-4.44,-5.01,-4.83,2.82,-0.78,-0.74,0.56
17.51,17.97,14.22,9.06,6.77,5.52,100.01,102.46,102.37,2.39,2.44,2.74,25.32,23.35,22.69,70,665,3131,4440,1013,253,13422,7,2,2,2,0.27,0.30,0.24,40614.24618,195414.082,340885.0186,700.65,701.50,686.33,174.27,174.28,174.26,174.13,174.16,174.14,25.58,23.41,22.83,-4.12,-4.28,-4.71,-0.96,0.93,-0.84,3.46
22.36,19.94,19.44,5.35,7.21,6.29,87.11,93.56,97.34,3.09,2.74,2.65,21.65,23.49,22.78,70,665,3131,4440,1013,253,13422,8,3,3,3,0.27,0.27,0.29,40614.24618,195414.082,340885.0186,666.05,683.35,689.68,174.27,174.27,174.27,174.13,174.13,174.15,23.06,24.32,23.30,-4.98,-4.55,-4.51,-0.59,-0.77,0.43,3.46
956.34,489.35,332.07,6.58,5.97,7.00,83.68,85.39,90.26,2.87,2.98,2.78,22.01,21.83,22.99,70,665,3131,4440,1013,253,13422,9,883,443,296,35.18,17.72,11.91,40614.24618,195414.082,340885.0186,382.19,524.12,582.96,174.32,174.30,174.29,174.21,174.17,174.16,22.62,22.84,23.76,-5.07,-5.02,-4.72,0.63,0.02,-0.31,2.40
111.79,534.06,363.49,1.70,4.14,4.54,68.77,76.22,79.85,3.24,3.06,3.07,21.30,21.65,21.65,70,665,3131,4440,1013,253,13422,10,30,457,305,1.74,18.46,12.40,40614.24618,195414.082,340885.0186,469.32,425.76,505.85,174.29,174.31,174.29,174.16,174.18,174.16,23.16,22.89,22.95,-5.31,-5.19,-5.12,0.66,0.65,0.23,3.73
122.74,117.26,396.95,1.37,1.54,3.22,68.12,68.45,73.52,3.52,3.38,3.21,16.08,18.69,19.80,70,665,3131,4440,1013,253,13422,11,38,34,317,1.79,1.77,12.90,40614.24618,195414.082,340885.0186,538.13,503.73,463.21,174.22,174.26,174.28,174.08,174.12,174.15,17.59,20.37,21.12,-6.03,-5.67,-5.47,-0.65,0.01,0.21,2.56
20.98,71.86,85.17,0.61,0.99,1.23,59.10,63.61,65.33,3.11,3.31,3.29,19.35,17.71,18.91,70,665,3131,4440,1013,253,13422,12,8,23,25,0.27,1.03,1.27,40614.24618,195414.082,340885.0186,489.00,513.56,498.82,174.17,174.20,174.23,174.04,174.06,174.09,20.77,19.18,20.51,-5.58,-5.81,-5.64,-0.50,-0.57,-0.16,2.59
14.32,17.65,52.68,1.55,1.08,1.18,56.44,57.77,61.22,2.93,3.02,3.19,19.79,19.57,18.41,70,665,3131,4440,1013,253,13422,13,4,6,17,0.16,0.22,0.74,40614.24618,195414.082,340885.0186,520.86,504.93,516.00,174.14,174.16,174.18,174.02,174.03,174.05,20.80,20.78,19.72,-5.47,-5.53,-5.70,0.93,0.21,-0.07,2.87
9.66,11.99,14.99,0.82,1.19,0.99,55.43,55.94,56.99,4.11,3.52,3.38,13.45,16.62,17.53,70,665,3131,4440,1013,253,13422,14,2,3,5,0.10,0.13,0.18,40614.24618,195414.082,340885.0186,529.11,524.98,512.99,174.05,174.10,174.12,173.94,173.98,174.00,14.64,17.72,18.73,-7.27,-6.37,-6.11,-2.44,-0.76,-0.67,1.62
22.71,16.19,15.57,1.72,1.27,1.36,41.00,48.22,50.96,5.02,4.56,4.02,11.80,12.62,15.01,70,665,3131,4440,1013,253,13422,15,3,3,3,0.22,0.16,0.16,40614.24618,195414.082,340885.0186,629.66,585.94,566.22,173.95,174.00,174.05,173.83,173.88,173.93,13.64,14.07,16.11,-8.73,-8.10,-7.30,-4.97,-3.87,-2.42,1.68
268.48,169.82,212.91,7.11,3.82,3.87,109.83,110.01,104.98,3.54,3.56,3.79,20.98,17.39,15.39,88,883,3766,4936,1292,260,18016,1,166,101,125,9.04,5.07,5.60,47707.90661,214274.6534,353037.5961,480.33,511.79,516.27,174.39,174.39,174.39,174.31,174.33,174.33,18.90,15.95,14.29,-4.37,-4.40,-4.34,-1.66,-0.66,-0.68,3.00
198.13,233.31,179.26,0.77,3.94,2.81,101.28,105.56,107.10,3.42,3.48,3.51,19.74,20.36,18.18,88,883,3766,4936,1292,260,18016,2,171,169,125,5.35,7.20,5.16,47707.90661,214274.6534,353037.5961,513.38,496.86,512.32,174.41,174.40,174.39,174.31,174.31,174.32,19.78,19.34,17.23,-4.77,-4.57,-4.53,-2.84,-2.25,-1.38,2.27
182.82,190.47,216.48,6.22,3.50,4.70,108.32,104.80,106.48,3.07,3.24,3.34,19.86,19.80,20.19,88,883,3766,4936,1292,260,18016,3,121,146,153,6.02,5.69,6.80,47707.90661,214274.6534,353037.5961,491.84,502.61,495.18,174.42,174.41,174.41,174.29,174.30,174.31,20.14,19.96,19.61,-4.65,-4.71,-4.60,-3.04,-2.94,-2.51,2.94
270.83,226.82,217.26,11.33,8.78,6.11,93.44,100.88,101.01,3.14,3.10,3.21,20.47,20.17,20.02,88,883,3766,4936,1292,260,18016,4,146,133,146,7.78,6.90,6.38,47707.90661,214274.6534,353037.5961,443.14,467.49,482.79,174.48,174.45,174.44,174.35,174.32,174.32,21.15,20.65,20.36,-4.73,-4.69,-4.72,-0.90,-1.97,-2.26,2.75
157.29,214.06,203.65,0.56,5.95,6.04,94.94,94.19,98.90,3.11,3.12,3.10,22.91,21.69,21.08,88,883,3766,4936,1292,260,18016,5,53,99,106,3.83,5.81,5.88,47707.90661,214274.6534,353037.5961,432.07,437.60,455.68,174.47,174.48,174.46,174.32,174.34,174.32,23.85,22.50,21.71,-4.47,-4.60,-4.61,-3.35,-2.13,-2.43,2.57
24.80,91.04,150.97,1.75,1.16,4.55,96.69,95.81,95.02,3.24,3.18,3.16,22.34,22.63,21.91,88,883,3766,4936,1292,260,18016,6,6,29,68,0.45,2.14,4.02,47707.90661,214274.6534,353037.5961,480.76,456.41,451.99,174.44,174.45,174.46,174.31,174.32,174.33,23.27,23.56,22.75,-4.33,-4.40,-4.51,-3.36,-3.35,-2.54,2.46
17.06,20.93,66.38,0.11,0.93,0.81,82.66,89.67,91.43,3.09,3.17,3.15,22.72,22.53,22.66,88,883,3766,4936,1292,260,18016,7,2,4,20,0.23,0.34,1.50,47707.90661,214274.6534,353037.5961,450.76,465.76,454.53,174.39,174.41,174.43,174.26,174.29,174.30,23.37,23.32,23.49,-4.83,-4.58,-4.54,-2.61,-2.98,-3.11,1.91
11.17,14.11,17.68,2.72,1.42,1.53,83.68,83.17,87.67,3.24,3.16,3.19,20.57,21.64,21.88,88,883,3766,4936,1292,260,18016,8,1,2,3,0.18,0.21,0.29,47707.90661,214274.6534,353037.5961,518.85,484.81,483.46,174.35,174.37,174.39,174.23,174.25,174.27,21.17,22.27,22.60,-5.05,-4.94,-4.74,-1.62,-2.12,-2.53,3.10
7.86,9.51,12.03,0.03,1.38,0.95,90.60,87.14,85.64,3.42,3.33,3.25,21.79,21.18,21.69,88,883,3766,4936,1292,260,18016,9,1,1,2,0.13,0.15,0.18,47707.90661,214274.6534,353037.5961,567.36,543.11,512.33,174.38,174.37,174.37,174.28,174.25,174.26,21.69,21.43,22.07,-5.80,-5.43,-5.23,4.57,1.48,0.11,4.94
4.69,6.28,7.91,0.99,0.51,1.25,76.33,83.46,83.54,2.84,3.13,3.16,21.42,21.60,21.26,88,883,3766,4936,1292,260,18016,10,1,1,1,0.07,0.10,0.13,47707.90661,214274.6534,353037.5961,595.57,581.47,560.60,174.30,174.34,174.34,174.16,174.22,174.22,21.82,21.75,21.56,-4.53,-5.17,-5.13,1.41,2.99,1.45,15.26
46.76,25.73,19.77,8.21,4.60,3.08,58.23,67.28,75.05,3.66,3.25,3.31,18.14,19.78,20.45,88,883,3766,4936,1292,260,18016,11,12,6,5,0.83,0.45,0.34,47707.90661,214274.6534,353037.5961,655.67,625.62,606.20,174.28,174.29,174.32,174.13,174.14,174.19,19.37,20.59,20.96,-5.90,-5.22,-5.41,-0.62,0.40,1.79,13.14
20.56,33.66,24.01,0.00,4.11,3.07,70.45,64.34,68.34,2.97,3.32,3.16,17.86,18.00,19.14,88,883,3766,4936,1292,260,18016,12,5,8,6,0.26,0.55,0.39,47707.90661,214274.6534,353037.5961,687.11,671.39,646.12,174.29,174.29,174.29,174.19,174.16,174.16,19.45,19.41,20.21,-5.21,-5.56,-5.22,4.21,1.80,1.67,5.19
8.14,14.35,25.15,1.93,0.97,3.38,56.80,63.63,61.83,3.76,3.36,3.46,12.62,15.24,16.20,88,883,3766,4936,1292,260,18016,13,1,3,6,0.07,0.17,0.39,47707.90661,214274.6534,353037.5961,681.41,684.26,674.73,174.16,174.23,174.25,174.05,174.12,174.12,14.42,16.94,17.75,-6.24,-5.73,-5.78,-1.05,1.58,0.85,2.93
8.83,8.48,12.51,1.80,1.87,1.24,45.48,51.14,57.58,3.14,3.45,3.29,13.87,13.25,14.78,88,883,3766,4936,1292,260,18016,14,1,1,2,0.09,0.08,0.14,47707.90661,214274.6534,353037.5961,627.66,654.54,665.39,174.13,174.15,174.19,174.06,174.05,174.10,15.97,15.19,16.61,-4.85,-5.54,-5.43,0.08,-0.48,1.08,4.47
11.89,10.36,9.62,1.08,1.44,1.60,38.86,42.17,47.04,5.30,4.22,4.06,7.06,10.47,11.19,107,883,3766,4936,1292,260,18016,15,1,1,1,0.10,0.09,0.09,47707.90661,214274.6534,353037.5961,632.56,630.43,645.88,173.98,174.05,174.09,173.87,173.96,173.99,9.20,12.14,12.83,-8.64,-6.99,-6.76,-4.66,-2.60,-2.13,2.01
119.17,116.30,138.63,1.81,2.13,2.41,107.22,104.67,96.02,2.85,3.15,3.45,16.17,16.31,15.19,107,436,3419,5246,1358,209,20207,1,64,65,81,2.24,2.11,2.47,37867.45062,195400.5898,364788.0207,552.86,545.59,539.23,174.54,174.54,174.54,174.49,174.50,174.49,15.43,15.24,14.61,-4.34,-4.50,-4.50,2.13,2.21,1.43,2.92
141.78,130.48,124.80,7.32,4.57,3.86,117.61,112.42,108.98,2.63,2.74,2.98,18.56,17.37,17.06,107,436,3419,5246,1358,209,20207,2,140,102,90,3.39,2.82,2.54,37867.45062,195400.5898,364788.0207,558.83,555.85,550.01,174.55,174.55,174.55,174.48,174.48,174.49,18.14,16.79,16.21,-4.09,-4.21,-4.36,2.22,2.17,2.21,3.14
150.50,146.14,137.15,0.58,3.95,3.24,84.95,101.28,103.26,2.72,2.67,2.73,21.85,20.21,18.86,107,436,3419,5246,1358,209,20207,3,124,132,109,3.30,3.35,2.98,37867.45062,195400.5898,364788.0207,500.81,529.82,537.50,174.57,174.56,174.56,174.45,174.47,174.47,21.88,20.01,18.49,-4.02,-4.05,-4.15,-1.57,0.32,0.93,4.27
23.28,86.89,105.19,0.18,0.38,2.69,102.14,93.55,101.57,2.93,2.83,2.76,19.24,20.55,19.89,107,436,3419,5246,1358,209,20207,4,11,68,92,0.45,1.88,2.38,37867.45062,195400.5898,364788.0207,502.54,501.68,520.73,174.57,174.57,174.56,174.45,174.45,174.46,19.67,20.78,19.90,-3.98,-4.00,-4.03,-0.97,-1.27,-0.11,3.96
19.20,21.24,64.33,3.37,1.78,1.38,88.39,95.26,91.83,3.34,3.14,3.00,19.91,19.58,20.34,107,436,3419,5246,1358,209,20207,5,5,8,47,0.27,0.36,1.34,37867.45062,195400.5898,364788.0207,469.07,485.80,490.81,174.52,174.54,174.55,174.39,174.42,174.43,20.99,20.33,20.85,-4.84,-4.41,-4.28,-2.14,-1.56,-1.56,4.31
19.47,19.33,20.65,4.02,3.70,2.52,105.50,96.94,98.68,3.14,3.24,3.14,21.08,20.50,20.08,107,436,3419,5246,1358,209,20207,6,3,4,6,0.25,0.26,0.33,37867.45062,195400.5898,364788.0207,476.68,472.88,482.76,174.53,174.53,174.54,174.39,174.39,174.41,21.74,21.37,20.80,-4.90,-4.87,-4.57,-1.98,-2.06,-1.70,5.59
20.04,19.75,19.57,0.61,2.32,2.67,93.96,99.73,95.95,3.30,3.22,3.26,21.94,21.51,20.98,107,436,3419,5246,1358,209,20207,7,4,3,4,0.47,0.36,0.33,37867.45062,195400.5898,364788.0207,547.07,511.88,497.61,174.50,174.52,174.52,174.34,174.36,174.37,22.40,22.07,21.71,-5.28,-5.09,-5.01,-2.26,-2.12,-2.13,5.16
26.14,23.09,21.88,5.08,2.85,3.24,87.32,90.64,95.59,2.80,3.05,3.08,23.92,22.93,22.31,107,436,3419,5246,1358,209,20207,8,4,4,4,0.56,0.51,0.43,37867.45062,195400.5898,364788.0207,580.87,563.97,534.88,174.52,174.51,174.52,174.36,174.35,174.36,24.16,23.28,22.77,-4.14,-4.71,-4.77,-1.26,-1.76,-1.83,7.53
48.93,37.53,31.70,1.83,3.46,2.51,84.11,85.72,88.46,3.66,3.23,3.25,20.02,21.97,21.96,107,436,3419,5246,1358,209,20207,9,10,7,6,0.94,0.75,0.66,37867.45062,195400.5898,364788.0207,502.07,541.47,543.34,174.48,174.50,174.50,174.31,174.33,174.34,21.28,22.72,22.61,-6.15,-5.14,-5.19,-2.12,-1.69,-1.88,5.70
16.71,32.82,30.59,4.80,3.32,3.90,75.41,79.76,82.28,2.18,2.92,2.88,18.56,19.29,20.83,107,436,3419,5246,1358,209,20207,10,2,6,5,0.17,0.56,0.56,37867.45062,195400.5898,364788.0207,543.39,522.73,542.11,174.48,174.48,174.50,174.34,174.32,174.34,19.50,20.39,21.64,-3.70,-4.93,-4.66,1.76,-0.18,-0.54,14.79
14.54,15.62,26.72,0.00,2.40,2.21,66.76,71.08,75.42,2.99,2.59,2.95,19.21,18.88,19.26,107,436,3419,5246,1358,209,20207,11,2,2,5,0.15,0.16,0.42,37867.45062,195400.5898,364788.0207,544.63,544.01,530.03,174.46,174.47,174.47,174.33,174.34,174.33,20.17,19.84,20.32,-4.80,-4.25,-4.88,2.41,2.09,0.69,8.75
9.19,11.86,13.48,2.73,1.37,2.51,76.87,71.81,73.01,4.19,3.59,3.12,18.38,18.79,18.72,107,436,3419,5246,1358,209,20207,12,1,1,2,0.11,0.13,0.14,37867.45062,195400.5898,364788.0207,571.01,557.82,553.01,174.36,174.41,174.43,174.18,174.25,174.28,19.50,19.84,19.72,-6.69,-5.75,-5.07,1.45,1.93,1.88,5.42
15.67,12.43,13.13,3.95,3.34,2.23,60.28,68.58,67.97,5.00,4.60,4.06,11.41,14.90,16.33,107,436,3419,5246,1358,209,20207,13,2,1,1,0.20,0.16,0.15,37867.45062,195400.5898,364788.0207,603.49,587.25,573.05,174.22,174.29,174.35,174.02,174.10,174.17,13.65,16.57,17.77,-8.51,-7.60,-6.67,-5.96,-2.26,-0.70,2.25
39.73,27.70,21.53,2.67,3.31,3.12,40.44,50.36,59.20,4.21,4.61,4.47,6.91,9.16,12.23,107,436,3419,5246,1358,209,20207,14,7,4,3,0.37,0.28,0.23,37867.45062,195400.5898,364788.0207,711.27,657.38,628.59,174.30,174.26,174.29,174.24,174.13,174.15,9.17,11.41,14.11,-7.09,-7.80,-7.43,1.57,-2.19,-0.98,2.02
71.88,55.80,42.42,2.60,2.64,3.07,49.44,44.94,50.05,4.42,4.32,4.55,10.75,8.83,9.69,107,436,3419,5246,1358,209,20207,15,19,13,9,0.96,0.66,0.51,37867.45062,195400.5898,364788.0207,681.46,694.42,666.87,174.20,174.25,174.24,174.07,174.16,174.11,12.26,10.91,11.74,-6.61,-6.82,-7.33,-1.63,-0.24,-1.97,1.22
288.89,415.90,448.27,6.68,5.58,5.48,115.48,108.76,106.13,3.33,2.76,3.21,19.08,19.59,17.23,85,291,2784,5147,1282,317,28745,1,179,285,356,7.71,13.51,15.07,25978.97701,186283.4849,350278.8382,472.21,440.94,457.40,174.40,174.38,174.37,174.30,174.30,174.31,18.72,18.64,16.39,-4.42,-3.61,-4.14,-1.19,-0.30,0.85,2.10
325.37,307.13,385.72,1.36,4.02,4.17,111.49,113.48,109.67,3.42,3.37,2.98,21.40,20.24,20.19,85,291,2784,5147,1282,317,28745,2,224,202,265,9.78,8.74,12.27,25978.97701,186283.4849,350278.8382,460.40,466.30,447.43,174.45,174.42,174.40,174.35,174.32,174.32,20.58,19.65,19.29,-4.22,-4.32,-3.81,-0.32,-0.75,-0.30,2.29
136.29,230.83,250.18,2.00,1.68,3.35,94.17,102.83,107.05,3.57,3.49,3.44,22.07,21.73,20.85,85,291,2784,5147,1282,317,28745,3,60,142,155,3.29,6.54,6.93,25978.97701,186283.4849,350278.8382,480.22,470.31,470.94,174.42,174.44,174.42,174.29,174.32,174.31,22.21,21.39,20.50,-4.88,-4.55,-4.51,-2.64,-1.48,-1.38,2.66
71.88,104.09,177.85,0.76,1.38,1.37,77.46,85.81,94.37,2.56,3.07,3.18,23.81,22.94,22.43,85,291,2784,5147,1282,317,28745,4,26,43,104,1.43,2.36,4.83,25978.97701,186283.4849,350278.8382,519.20,499.71,486.61,174.42,174.42,174.43,174.29,174.29,174.31,24.34,23.27,22.38,-3.24,-4.06,-4.11,-0.94,-1.79,-1.30,5.65
29.67,50.78,79.28,1.06,0.91,1.27,108.35,92.90,93.33,3.17,2.87,3.10,24.67,24.24,23.52,85,291,2784,5147,1282,317,28745,5,8,17,31,0.44,0.93,1.72,25978.97701,186283.4849,350278.8382,484.64,501.92,494.69,174.40,174.41,174.41,174.24,174.27,174.27,25.32,24.83,23.96,-4.97,-4.10,-4.36,-2.20,-1.57,-1.93,3.29
32.32,31.00,44.62,10.92,5.99,4.25,97.54,102.95,94.45,3.02,3.09,2.92,24.53,24.60,24.34,85,291,2784,5147,1282,317,28745,6,6,7,13,0.54,0.49,0.80,25978.97701,186283.4849,350278.8382,486.87,485.76,496.91,174.41,174.41,174.41,174.25,174.25,174.26,24.99,25.16,24.88,-4.73,-4.85,-4.31,-2.79,-2.49,-1.97,4.77
39.84,36.08,33.94,0.66,5.79,4.21,103.43,100.48,103.11,2.82,2.92,3.00,24.15,24.34,24.45,85,291,2784,5147,1282,317,28745,7,5,5,6,0.75,0.64,0.58,25978.97701,186283.4849,350278.8382,586.64,536.76,519.39,174.39,174.40,174.40,174.22,174.23,174.24,24.71,24.85,25.01,-4.81,-4.77,-4.83,-1.70,-2.24,-2.23,3.94
21.00,30.42,31.05,3.53,2.10,5.04,91.15,97.29,97.37,2.64,2.73,2.83,24.67,24.41,24.45,85,291,2784,5147,1282,317,28745,8,3,4,4,0.36,0.55,0.55,25978.97701,186283.4849,350278.8382,629.31,607.97,567.61,174.36,174.38,174.39,174.19,174.20,174.22,25.05,24.88,24.92,-4.57,-4.69,-4.70,-1.46,-1.58,-1.98,3.41
13.35,17.17,24.73,1.96,2.75,2.05,73.51,82.33,89.36,3.13,2.88,2.86,22.21,23.44,23.68,85,291,2784,5147,1282,317,28745,9,1,2,3,0.19,0.27,0.43,25978.97701,186283.4849,350278.8382,643.93,636.62,619.96,174.36,174.36,174.37,174.19,174.19,174.20,22.55,23.80,24.11,-5.12,-4.85,-4.84,-0.50,-0.98,-1.22,2.95
9.77,11.56,14.70,0.85,1.41,2.11,75.97,74.74,80.21,4.74,3.93,3.50,21.65,21.93,22.84,85,291,2784,5147,1282,317,28745,10,1,1,2,0.15,0.17,0.23,25978.97701,186283.4849,350278.8382,584.35,614.14,619.20,174.20,174.28,174.31,173.96,174.08,174.11,22.58,22.57,23.40,-6.88,-6.00,-5.53,-6.03,-3.27,-2.67,4.33
4.78,7.27,9.30,1.88,1.37,1.56,63.82,69.90,71.10,3.58,4.16,3.81,17.09,19.37,20.32,85,291,2784,5147,1282,317,28745,11,0,1,1,0.06,0.10,0.13,25978.97701,186283.4849,350278.8382,610.51,597.43,612.93,174.20,174.20,174.25,174.03,173.99,174.06,18.06,20.32,21.06,-5.58,-6.23,-5.86,-1.99,-4.01,-2.84,7.57
5.37,5.07,6.64,1.65,1.77,1.46,80.50,72.16,73.43,4.17,3.87,4.16,17.73,17.41,18.82,85,291,2784,5147,1282,317,28745,12,1,1,1,0.07,0.07,0.09,25978.97701,186283.4849,350278.8382,643.09,626.80,612.65,174.16,174.18,174.19,173.99,174.01,173.99,18.15,18.10,19.59,-6.35,-5.96,-6.27,-1.36,-1.67,-3.12,16.35
6.59,5.98,5.58,0.36,1.01,1.30,51.29,65.89,65.20,4.28,4.23,4.01,12.98,15.35,15.93,85,291,2784,5147,1282,317,28745,13,1,1,1,0.08,0.08,0.07,25978.97701,186283.4849,350278.8382,692.06,667.58,648.55,174.18,174.17,174.18,174.06,174.03,174.03,14.43,16.29,16.88,-7.12,-6.74,-6.35,-0.94,-1.15,-1.43,6.17
5.08,5.84,5.68,1.24,0.80,1.08,50.75,51.02,60.85,3.02,3.65,3.82,13.24,13.11,14.65,85,291,2784,5147,1282,317,28745,14,0,1,1,0.06,0.07,0.07,25978.97701,186283.4849,350278.8382,728.95,710.50,688.03,174.12,174.15,174.15,174.01,174.04,174.02,14.62,14.53,15.73,-5.12,-6.12,-6.20,-2.14,-1.54,-1.48,3.10
288.01,699.33,620.81,0.76,4.46,4.46,111.27,106.57,106.41,3.48,3.32,3.31,20.37,19.42,17.60,113,453,2729,5195,2310,429,33493,1,110,333,319,8.14,31.69,26.68,37363.71479,189532.2952,344332.131,424.30,388.56,410.70,174.68,174.66,174.61,174.62,174.61,174.59,19.90,18.24,16.08,-4.76,-4.61,-4.88,0.38,0.84,2.05,4.49
75.50,181.76,491.39,0.33,0.55,3.08,114.84,113.06,109.33,2.89,3.19,3.18,18.80,19.58,19.21,113,453,2729,5195,2310,429,33493,2,22,66,229,0.98,4.56,21.45,37363.71479,189532.2952,344332.131,527.40,475.85,434.84,174.67,174.67,174.66,174.61,174.62,174.61,19.03,19.47,18.51,-4.67,-4.72,-4.63,1.84,1.11,1.17,1.93
68.00,71.75,143.84,0.21,0.27,0.43,102.16,108.50,109.42,3.62,3.25,3.33,20.48,19.64,19.88,113,453,2729,5195,2310,429,33493,3,36,29,56,1.00,0.99,3.38,37363.71479,189532.2952,344332.131,560.91,544.16,504.21,174.62,174.64,174.65,174.53,174.57,174.59,20.80,19.92,19.91,-5.62,-5.15,-5.02,-2.49,-0.33,-0.09,3.35
21.64,44.82,55.05,0.00,0.11,0.18,92.45,97.31,103.15,2.17,2.89,2.89,23.60,22.04,20.96,113,453,2729,5195,2310,429,33493,4,7,22,22,0.18,0.59,0.72,37363.71479,189532.2952,344332.131,540.84,550.88,543.05,174.63,174.62,174.64,174.55,174.54,174.56,23.65,22.22,21.16,-4.12,-4.87,-4.81,1.60,-0.45,0.32,2.39
22.88,22.26,37.51,1.95,0.98,0.72,92.54,92.50,95.72,2.93,2.55,2.90,24.73,24.17,22.94,113,453,2729,5195,2310,429,33493,5,6,7,17,0.21,0.19,0.46,37363.71479,189532.2952,344332.131,534.77,537.80,545.51,174.58,174.60,174.61,174.49,174.52,174.52,24.44,24.04,22.96,-4.87,-4.50,-4.87,0.49,1.04,-0.14,5.70
42.22,32.55,28.92,6.53,4.24,2.83,98.49,95.52,94.50,2.90,2.92,2.67,25.87,25.30,24.73,113,453,2729,5195,2310,429,33493,6,6,6,6,0.48,0.34,0.29,37363.71479,189532.2952,344332.131,519.29,527.03,531.63,174.55,174.57,174.59,174.43,174.46,174.49,26.28,25.36,24.79,-4.59,-4.73,-4.53,-2.01,-0.76,0.03,9.28
21.18,31.70,28.76,1.91,4.22,3.46,105.28,101.89,98.77,2.97,2.93,2.93,24.68,25.27,25.09,113,453,2729,5195,2310,429,33493,7,4,5,5,0.21,0.34,0.30,37363.71479,189532.2952,344332.131,580.39,549.84,544.82,174.55,174.55,174.56,174.41,174.42,174.45,25.52,25.90,25.41,-4.75,-4.67,-4.73,-1.72,-1.87,-1.08,22.31
32.97,27.08,32.13,1.48,1.70,3.31,77.32,91.30,93.70,2.87,2.92,2.91,21.63,23.16,24.06,113,453,2729,5195,2310,429,33493,8,7,5,5,0.30,0.25,0.33,37363.71479,189532.2952,344332.131,528.15,554.27,542.61,174.52,174.54,174.54,174.37,174.39,174.41,22.90,24.21,24.90,-4.88,-4.81,-4.74,-2.43,-2.08,-2.05,16.67
35.83,34.40,29.99,4.67,3.08,2.69,77.08,77.20,86.56,3.40,3.13,3.08,21.13,21.38,22.48,113,453,2729,5195,2310,429,33493,9,5,6,5,0.35,0.32,0.28,37363.71479,189532.2952,344332.131,557.54,542.84,555.36,174.48,174.50,174.52,174.33,174.35,174.37,22.21,22.56,23.55,-5.30,-5.09,-4.98,-1.78,-2.10,-1.98,17.73
14.40,25.11,27.73,7.89,6.28,4.68,83.14,80.11,79.18,4.03,3.71,3.43,20.85,20.99,21.20,113,453,2729,5195,2310,429,33493,10,2,4,5,0.13,0.24,0.26,37363.71479,189532.2952,344332.131,586.33,571.93,557.34,174.51,174.49,174.50,174.42,174.38,174.38,21.77,21.99,22.29,-6.65,-5.98,-5.61,1.89,0.06,-0.77,23.13
74.43,44.41,41.55,0.25,4.07,4.27,71.70,77.42,77.31,3.19,3.61,3.54,16.77,18.81,19.58,113,453,2729,5195,2310,429,33493,11,38,20,15,1.14,0.64,0.54,37363.71479,189532.2952,344332.131,532.85,559.59,558.91,174.46,174.48,174.48,174.34,174.38,174.36,18.32,20.05,20.77,-5.17,-5.91,-5.71,-0.36,0.77,-0.08,26.56
89.33,81.88,59.38,7.11,3.68,5.08,66.11,68.90,73.65,3.20,3.20,3.47,15.95,16.36,17.86,113,453,2729,5195,2310,429,33493,12,49,44,30,1.69,1.42,0.99,37363.71479,189532.2952,344332.131,599.24,566.04,572.81,174.44,174.45,174.47,174.30,174.32,174.35,18.06,18.19,19.39,-5.47,-5.32,-5.76,0.95,0.29,0.83,12.18
210.47,149.90,124.74,1.45,4.28,2.94,51.43,58.77,63.08,3.98,3.59,3.46,13.14,14.54,15.28,113,453,2729,5195,2310,429,33493,13,111,80,66,5.28,3.48,2.70,37363.71479,189532.2952,344332.131,476.37,537.80,536.15,174.38,174.41,174.43,174.28,174.29,174.31,18.53,18.30,18.31,-6.94,-6.20,-5.86,-1.49,-0.27,-0.30,54.67
19.81,115.14,106.53,0.87,1.16,3.14,56.37,53.90,57.97,4.23,4.11,3.81,12.85,12.99,13.98,113,453,2729,5195,2310,429,33493,14,8,59,56,0.23,2.75,2.40,37363.71479,189532.2952,344332.131,557.93,517.15,544.51,174.26,174.32,174.36,174.11,174.19,174.23,15.32,16.93,17.31,-6.92,-6.93,-6.44,-3.41,-2.45,-1.32,29.53
24.59,20.88,31.11,0.67,0.72,0.49,94.54,105.34,100.92,3.94,3.65,3.26,17.98,18.60,17.61,12,1024,3088,5971,397,63,4660,1,5,5,14,0.26,0.22,0.36,59224.94554,208142.9946,374709.7414,567.26,561.11,570.85,174.32,174.34,174.35,174.23,174.27,174.28,18.54,18.51,17.55,-5.93,-5.33,-4.74,-1.82,0.35,0.92,0.49
11.66,18.12,17.81,6.43,3.55,2.62,101.55,98.04,104.07,3.60,3.77,3.63,21.70,19.84,19.63,12,1024,3088,5971,397,63,4660,2,1,3,4,0.13,0.20,0.19,59224.94554,208142.9946,374709.7414,544.95,556.10,555.72,174.37,174.35,174.35,174.26,174.24,174.26,21.25,19.90,19.43,-5.25,-5.59,-5.30,2.05,0.12,0.92,0.21
8.78,10.22,15.01,0.33,3.38,2.48,92.31,96.93,96.13,3.09,3.35,3.54,23.38,22.54,21.02,12,1024,3088,5971,397,63,4660,3,1,1,2,0.10,0.12,0.17,59224.94554,208142.9946,374709.7414,597.90,571.42,570.04,174.34,174.35,174.34,174.20,174.23,174.23,23.06,22.16,20.95,-4.74,-4.99,-5.30,-0.61,0.72,-0.13,0.20
5.68,7.23,8.71,3.85,2.09,3.54,103.94,98.13,99.27,2.35,2.72,3.02,26.45,24.91,23.84,12,1024,3088,5971,397,63,4660,4,1,1,1,0.07,0.09,0.10,59224.94554,208142.9946,374709.7414,649.50,623.70,597.45,174.35,174.35,174.35,174.20,174.20,174.22,24.79,23.93,23.04,-4.29,-4.52,-4.76,0.59,-0.01,0.68,1.12
6.23,5.95,6.90,3.91,3.88,2.70,99.00,101.47,98.42,2.99,2.67,2.81,25.53,25.99,25.12,12,1024,3088,5971,397,63,4660,5,1,1,1,0.08,0.07,0.08,59224.94554,208142.9946,374709.7414,713.79,681.64,653.73,174.31,174.33,174.33,174.20,174.20,174.20,24.95,24.87,24.27,-5.37,-4.83,-4.80,1.94,1.26,0.64,0.33
18.23,12.23,10.05,0.98,2.45,2.91,98.05,98.52,100.33,3.17,3.08,2.84,25.06,25.29,25.68,12,1024,3088,5971,397,63,4660,6,2,1,1,0.21,0.14,0.12,59224.94554,208142.9946,374709.7414,719.66,716.72,694.31,174.25,174.28,174.30,174.11,174.15,174.17,24.65,24.80,24.80,-5.01,-5.19,-4.89,-0.35,0.80,0.73,1.38
19.99,19.11,14.82,5.41,3.20,3.43,82.82,90.43,93.29,2.87,3.02,3.01,24.84,24.95,25.14,12,1024,3088,5971,397,63,4660,7,2,2,1,0.26,0.24,0.18,59224.94554,208142.9946,374709.7414,727.30,723.48,720.25,174.21,174.23,174.26,174.08,174.09,174.13,25.11,24.88,24.90,-4.61,-4.81,-5.00,0.08,-0.13,0.56,2.90
46.28,33.14,28.17,1.87,3.64,2.75,87.74,85.28,89.53,2.74,2.80,2.92,20.75,22.80,23.55,12,1024,3088,5971,397,63,4660,8,5,3,3,0.60,0.43,0.36,59224.94554,208142.9946,374709.7414,822.06,774.68,756.34,174.18,174.20,174.21,174.03,174.05,174.07,21.53,23.32,23.76,-5.28,-4.95,-4.97,-3.06,-1.49,-1.11,3.88
9.94,28.11,25.41,5.21,3.54,4.16,63.48,75.61,78.01,2.48,2.61,2.69,22.23,21.49,22.61,12,1024,3088,5971,397,63,4660,9,1,3,3,0.10,0.35,0.32,59224.94554,208142.9946,374709.7414,728.66,775.36,759.34,174.18,174.18,174.19,174.04,174.04,174.05,22.75,22.14,23.13,-3.76,-4.52,-4.55,1.99,-0.54,-0.33,5.73
12.42,11.18,22.88,2.54,3.88,3.21,88.67,76.07,79.96,3.05,2.77,2.76,22.85,22.54,21.94,12,1024,3088,5971,397,63,4660,10,2,2,3,0.13,0.11,0.28,59224.94554,208142.9946,374709.7414,594.64,661.65,715.12,174.14,174.16,174.16,173.99,174.02,174.02,23.25,23.00,22.51,-4.86,-4.31,-4.63,0.02,1.01,-0.35,0.79
22.71,17.56,15.02,1.85,2.20,3.20,64.42,76.54,72.19,3.55,3.30,3.03,17.98,20.41,21.02,12,1024,3088,5971,397,63,4660,11,5,4,3,0.25,0.19,0.16,59224.94554,208142.9946,374709.7414,575.69,585.16,633.00,174.10,174.12,174.14,173.94,173.97,173.99,20.06,21.66,22.02,-5.39,-5.12,-4.67,-2.78,-1.38,-0.26,5.53
10.61,16.66,15.25,2.15,2.00,2.18,70.22,67.32,74.43,3.93,3.74,3.51,13.71,15.85,18.18,12,1024,3088,5971,397,63,4660,12,2,4,3,0.09,0.17,0.16,59224.94554,208142.9946,374709.7414,613.96,594.83,594.76,174.03,174.06,174.09,173.87,173.91,173.94,15.85,17.96,19.72,-6.96,-6.18,-5.74,-3.96,-3.37,-2.24,2.88
33.52,22.06,22.28,1.91,2.03,1.97,61.79,66.00,65.48,3.46,3.69,3.64,12.41,13.06,14.70,12,1024,3088,5971,397,63,4660,13,6,4,4,0.29,0.19,0.21,59224.94554,208142.9946,374709.7414,712.53,657.77,628.46,173.98,174.00,174.04,173.86,173.87,173.89,14.57,15.21,16.83,-5.80,-6.38,-6.05,-2.30,-3.13,-3.01,1.43
36.76,35.14,26.96,1.35,1.63,1.80,48.31,55.05,60.10,5.45,4.45,4.28,10.70,11.56,12.28,12,1024,3088,5971,397,63,4660,14,12,9,7,0.33,0.31,0.24,59224.94554,208142.9946,374709.7414,723.31,718.52,681.18,173.88,173.93,173.96,173.71,173.79,173.81,12.45,13.51,14.29,-8.47,-7.13,-7.08,-3.86,-3.08,-3.37,0.58
33.26,35.01,34.51,1.53,1.44,1.60,44.69,46.50,51.60,5.52,5.48,4.81,9.66,10.18,10.92,12,1024,3088,5971,397,63,4660,15,19,16,12,0.28,0.31,0.30,59224.94554,208142.9946,374709.7414,655.27,684.85,692.00,173.86,173.87,173.91,173.81,173.76,173.79,11.49,11.90,12.71,-9.02,-8.78,-7.88,-2.82,-3.27,-2.98,0.65
276.07,163.21,128.28,5.82,5.66,3.77,107.43,112.09,108.98,3.47,3.66,3.75,16.90,16.90,16.03,56,242,2446,5429,1103,239,23304,1,292,152,107,8.60,4.56,3.19,19756.23614,180191.3241,337724.4633,540.65,583.16,584.85,174.28,174.23,174.21,174.23,174.17,174.15,15.68,15.22,14.37,-5.04,-5.11,-5.41,2.17,0.30,0.52,0.16
140.34,208.20,155.58,5.29,5.56,5.54,92.78,100.10,105.65,3.21,3.34,3.51,19.74,18.32,17.85,56,242,2446,5429,1103,239,23304,2,147,220,150,2.60,5.60,3.91,19756.23614,180191.3241,337724.4633,579.24,559.94,581.85,174.35,174.32,174.27,174.28,174.26,174.21,18.44,17.06,16.29,-4.55,-4.80,-4.93,-0.16,1.00,0.15,0.04
76.78,108.56,164.39,5.02,5.16,5.38,127.36,110.07,109.19,3.13,3.17,3.27,22.58,21.16,19.74,56,242,2446,5429,1103,239,23304,3,55,101,165,0.98,1.79,4.06,19756.23614,180191.3241,337724.4633,584.51,581.87,568.13,174.39,174.37,174.34,174.27,174.28,174.26,21.97,20.21,18.70,-4.30,-4.43,-4.63,-0.58,-0.37,0.48,0.03
273.60,175.19,163.57,5.02,5.02,5.11,118.07,122.72,112.74,3.26,3.20,3.20,22.13,22.35,21.48,56,242,2446,5429,1103,239,23304,4,210,132,137,5.55,3.27,3.05,19756.23614,180191.3241,337724.4633,528.49,556.50,564.08,174.47,174.43,174.41,174.35,174.31,174.30,21.99,21.98,20.80,-5.45,-4.88,-4.77,0.21,-0.18,-0.18,0.00
270.41,272.01,206.93,2.18,3.60,4.07,86.75,102.41,110.73,2.88,3.07,3.09,24.52,23.32,23.08,56,242,2446,5429,1103,239,23304,5,175,193,147,6.97,6.26,4.50,19756.23614,180191.3241,337724.4633,412.07,470.28,508.36,174.51,174.49,174.46,174.39,174.37,174.34,24.79,23.39,22.92,-4.76,-5.11,-4.84,0.16,0.19,-0.07,0.01
96.33,183.37,213.45,2.58,2.38,3.26,96.32,91.53,100.38,3.31,3.09,3.15,19.60,22.06,22.08,56,242,2446,5429,1103,239,23304,6,36,105,140,1.94,4.45,4.82,19756.23614,180191.3241,337724.4633,486.14,449.10,475.57,174.49,174.50,174.49,174.37,174.38,174.37,20.99,22.89,22.59,-5.53,-5.15,-5.25,-1.13,-0.48,-0.25,4.57
92.81,94.57,153.18,4.04,3.31,2.93,99.49,97.91,94.19,3.27,3.29,3.15,20.55,20.07,21.56,56,242,2446,5429,1103,239,23304,7,21,28,77,1.95,1.94,3.62,19756.23614,180191.3241,337724.4633,444.92,465.53,447.71,174.43,174.46,174.48,174.32,174.34,174.36,21.30,21.14,22.36,-5.23,-5.38,-5.17,-1.22,-1.17,-0.73,10.46
19.68,56.25,69.61,0.03,2.04,2.22,77.33,88.41,91.05,2.35,2.81,2.97,19.73,20.14,19.96,56,242,2446,5429,1103,239,23304,8,4,13,20,0.30,1.12,1.39,19756.23614,180191.3241,337724.4633,408.94,426.93,446.67,174.41,174.42,174.44,174.30,174.31,174.33,20.74,21.02,21.01,-4.26,-4.74,-5.00,-0.53,-0.87,-0.96,7.96
13.00,16.34,41.83,1.27,0.65,1.78,84.88,81.10,87.23,3.08,2.71,2.90,22.96,21.34,21.08,56,242,2446,5429,1103,239,23304,9,2,3,9,0.15,0.22,0.80,19756.23614,180191.3241,337724.4633,385.14,397.04,413.00,174.37,174.39,174.40,174.23,174.27,174.28,23.37,22.05,21.80,-4.58,-4.42,-4.69,-1.16,-0.85,-0.97,23.12
9.89,11.44,14.19,0.28,0.78,0.53,73.54,79.21,78.58,3.27,3.18,2.90,20.66,21.81,21.12,56,242,2446,5429,1103,239,23304,10,1,1,2,0.13,0.14,0.19,19756.23614,180191.3241,337724.4633,428.85,406.99,407.64,174.34,174.35,174.37,174.21,174.22,174.25,21.49,22.43,21.87,-4.98,-4.78,-4.60,-2.05,-1.60,-1.25,20.53
7.66,8.77,10.18,2.87,1.58,1.47,74.96,74.25,77.79,3.44,3.36,3.26,18.30,19.48,20.64,56,242,2446,5429,1103,239,23304,11,1,1,1,0.10,0.11,0.12,19756.23614,180191.3241,337724.4633,473.26,451.05,429.08,174.30,174.32,174.34,174.18,174.19,174.21,19.05,20.27,21.30,-5.85,-5.41,-5.14,-0.80,-1.42,-1.34,22.64
15.48,11.57,11.01,1.09,1.98,1.41,58.76,66.86,69.09,3.37,3.41,3.36,16.28,17.29,18.42,56,242,2446,5429,1103,239,23304,12,2,1,1,0.20,0.15,0.14,19756.23614,180191.3241,337724.4633,568.67,520.96,490.26,174.30,174.30,174.31,174.19,174.18,174.19,17.72,18.38,19.42,-5.62,-5.74,-5.48,2.21,0.71,-0.21,17.95
50.31,32.90,24.48,5.35,3.22,3.10,56.42,57.59,63.38,3.24,3.31,3.35,17.56,16.92,17.38,56,242,2446,5429,1103,239,23304,13,17,10,7,0.94,0.57,0.41,19756.23614,180191.3241,337724.4633,660.04,614.36,567.32,174.22,174.26,174.27,174.09,174.14,174.15,18.83,18.28,18.53,-5.18,-5.40,-5.55,-2.36,-0.07,-0.32,11.41
44.25,47.28,36.68,0.50,2.93,2.31,39.93,48.17,51.70,3.50,3.37,3.37,13.58,15.57,15.80,56,242,2446,5429,1103,239,23304,14,13,15,11,0.63,0.78,0.59,19756.23614,180191.3241,337724.4633,586.19,623.12,604.97,174.21,174.21,174.24,174.11,174.10,174.13,17.00,17.91,17.85,-6.06,-5.62,-5.62,0.47,-0.95,0.11,16.58
11.76,28.01,35.44,3.19,1.85,3.01,47.91,43.92,48.09,4.87,4.18,3.87,7.35,10.46,12.83,56,242,2446,5429,1103,239,23304,15,4,8,11,0.12,0.37,0.56,19756.23614,180191.3241,337724.4633,572.23,578.30,603.07,174.05,174.13,174.16,173.91,174.01,174.03,9.86,12.96,14.74,-8.02,-7.17,-6.57,-6.01,-3.19,-2.94,2.95
101.63,128.44,210.21,1.96,1.38,2.01,101.02,94.92,98.05,3.17,2.91,3.01,18.91,18.53,16.97,134,544,2554,5047,1126,295,20562,1,42,71,130,1.48,2.07,4.55,42265.6364,184589.5099,344894.0178,561.18,571.93,577.03,174.49,174.49,174.47,174.42,174.43,174.41,18.42,17.28,15.96,-4.48,-3.98,-4.00,1.27,1.02,0.55,3.16
87.79,94.71,114.89,6.11,4.04,2.96,108.18,104.60,99.34,3.34,3.25,3.05,20.54,19.73,19.20,134,544,2554,5047,1126,295,20562,2,83,62,75,1.68,1.58,1.94,42265.6364,184589.5099,344894.0178,554.60,557.89,566.15,174.52,174.51,174.50,174.43,174.42,174.43,20.01,19.21,18.19,-5.08,-4.78,-4.35,0.53,0.90,0.86,1.61
320.55,204.17,169.99,2.07,4.09,3.38,115.59,111.89,108.26,2.77,3.05,3.09,22.15,21.34,20.53,134,544,2554,5047,1126,295,20562,3,300,191,142,9.07,5.38,4.08,42265.6364,184589.5099,344894.0178,600.15,577.37,571.98,174.57,174.55,174.53,174.45,174.44,174.43,21.78,20.90,20.07,-3.93,-4.50,-4.49,0.84,0.69,0.88,2.68
93.02,206.79,167.12,0.61,1.34,2.93,98.20,106.89,107.32,3.73,3.25,3.28,21.26,21.70,21.32,134,544,2554,5047,1126,295,20562,4,65,182,149,1.90,5.48,4.22,42265.6364,184589.5099,344894.0178,507.51,553.83,554.09,174.54,174.56,174.55,174.36,174.40,174.41,22.18,21.98,21.32,-5.83,-4.88,-4.94,-4.05,-1.61,-0.89,3.19
48.16,70.59,153.91,0.13,0.37,0.94,112.71,105.45,108.83,2.92,3.32,3.14,20.95,21.11,21.45,134,544,2554,5047,1126,295,20562,5,19,42,128,0.86,1.38,3.94,42265.6364,184589.5099,344894.0178,462.56,485.04,523.41,174.53,174.54,174.55,174.39,174.38,174.40,21.35,21.77,21.77,-4.57,-5.20,-4.78,-1.44,-2.74,-1.55,6.62
20.33,34.25,53.84,1.25,0.69,0.66,100.87,106.79,103.92,3.15,3.04,3.27,21.09,21.02,21.10,134,544,2554,5047,1126,295,20562,6,5,12,29,0.30,0.58,1.02,42265.6364,184589.5099,344894.0178,419.46,439.99,461.77,174.50,174.52,174.53,174.38,174.38,174.38,20.73,21.03,21.40,-4.96,-4.78,-5.12,-1.80,-1.63,-2.41,7.16
24.29,22.31,30.93,0.23,0.74,0.54,99.95,100.41,104.51,2.14,2.65,2.74,22.02,21.56,21.36,134,544,2554,5047,1126,295,20562,7,4,5,9,0.37,0.34,0.51,42265.6364,184589.5099,344894.0178,476.62,445.81,446.03,174.54,174.52,174.53,174.43,174.40,174.40,21.94,21.26,21.32,-3.77,-4.49,-4.46,1.76,-0.23,-0.69,16.04
39.15,31.72,27.93,6.05,3.14,2.51,81.31,90.63,94.04,3.60,2.87,2.96,20.28,21.15,21.13,134,544,2554,5047,1126,295,20562,8,9,6,6,0.80,0.58,0.49,42265.6364,184589.5099,344894.0178,568.57,522.60,486.73,174.51,174.52,174.52,174.36,174.39,174.39,20.59,21.27,21.04,-5.98,-4.87,-4.99,-1.65,0.06,-0.70,11.60
51.85,45.50,38.43,0.14,3.09,2.14,98.96,90.13,93.41,2.89,3.24,2.88,22.95,21.61,21.75,134,544,2554,5047,1126,295,20562,9,7,8,7,0.75,0.77,0.64,42265.6364,184589.5099,344894.0178,492.42,528.68,511.89,174.53,174.52,174.53,174.39,174.37,174.39,22.49,21.58,21.70,-4.90,-5.41,-4.88,1.26,-0.12,0.48,11.24
14.03,32.94,35.01,11.86,6.00,6.02,70.84,84.90,83.70,3.48,3.18,3.32,21.93,22.44,21.72,134,544,2554,5047,1126,295,20562,10,2,4,6,0.19,0.47,0.58,42265.6364,184589.5099,344894.0178,388.18,436.67,481.88,174.50,174.51,174.51,174.32,174.35,174.35,22.51,22.46,21.87,-5.30,-5.20,-5.33,-0.68,0.49,-0.54,13.60
136.63,75.33,67.50,1.40,6.63,4.47,73.45,72.14,81.08,3.16,3.32,3.18,14.64,18.29,19.84,134,544,2554,5047,1126,295,20562,11,34,18,14,3.17,1.68,1.37,42265.6364,184589.5099,344894.0178,404.64,396.41,425.99,174.48,174.49,174.50,174.33,174.32,174.35,16.26,19.38,20.39,-5.25,-5.27,-5.22,-2.25,-1.47,-0.42,10.13
30.28,83.46,60.31,0.38,0.89,4.55,55.94,64.70,66.74,2.75,2.96,3.13,16.08,15.36,17.55,134,544,2554,5047,1126,295,20562,12,8,21,14,0.60,1.89,1.32,42265.6364,184589.5099,344894.0178,437.42,421.03,410.08,174.43,174.45,174.47,174.30,174.31,174.32,17.67,16.96,18.81,-4.87,-5.06,-5.14,-0.26,-1.26,-1.06,27.84
37.42,33.85,68.11,2.92,1.65,1.57,65.69,60.82,65.03,4.74,3.75,3.55,11.79,13.93,14.17,134,544,2554,5047,1126,295,20562,13,8,8,16,0.40,0.50,1.39,42265.6364,184589.5099,344894.0178,518.00,477.71,453.35,174.34,174.38,174.41,174.16,174.23,174.26,14.27,15.97,16.06,-8.20,-6.54,-6.11,-4.79,-2.52,-2.43,5.27
39.99,38.70,35.90,1.45,2.19,1.58,51.85,58.77,57.83,4.08,4.41,3.86,11.89,11.84,13.25,134,544,2554,5047,1126,295,20562,14,10,9,8,0.50,0.45,0.50,42265.6364,184589.5099,344894.0178,643.55,580.78,532.99,174.35,174.35,174.37,174.24,174.20,174.23,13.57,13.92,15.17,-6.82,-7.51,-6.63,-0.97,-2.88,-2.01,2.70
20.43,30.21,32.61,1.15,1.30,1.84,38.58,45.21,52.04,4.12,4.10,4.31,9.52,10.71,11.07,134,544,2554,5047,1126,295,20562,15,6,8,8,0.23,0.36,0.37,42265.6364,184589.5099,344894.0178,678.69,661.96,615.52,174.28,174.32,174.32,174.20,174.22,174.20,11.60,12.54,13.10,-6.55,-6.68,-7.17,-5.02,-3.09,-3.64,2.53
825.79,731.20,870.08,3.63,5.46,6.68,116.05,120.06,118.55,3.01,2.79,3.09,21.68,20.50,20.32,104,454,2717,4993,1633,435,29875,5,203,208,268,21.12,17.67,23.28,29400.54712,188011.08,340179.6604,340.64,370.59,364.80,174.89,174.88,174.85,174.79,174.78,174.76,21.73,20.60,20.40,-4.46,-4.27,-4.56,-1.54,-0.34,-0.35,6.97
225.13,525.46,562.51,4.73,4.18,5.22,79.46,97.75,106.52,2.63,2.82,2.73,23.05,22.36,21.35,104,454,2717,4993,1633,435,29875,6,51,127,156,5.16,13.14,13.50,29400.54712,188011.08,340179.6604,408.43,374.54,383.20,174.84,174.87,174.87,174.74,174.77,174.77,24.05,22.89,21.75,-4.05,-4.26,-4.20,-1.16,-1.35,-0.61,28.09
56.71,140.92,369.21,2.54,3.64,3.63,85.02,82.24,93.51,3.53,3.08,3.06,21.54,22.29,22.09,104,454,2717,4993,1633,435,29875,7,10,30,88,0.90,3.03,9.06,29400.54712,188011.08,340179.6604,497.94,453.18,415.67,174.81,174.83,174.85,174.69,174.72,174.74,23.07,23.56,22.95,-6.00,-5.03,-4.84,-1.74,-1.45,-1.48,33.56
45.93,51.32,109.26,3.53,3.04,3.60,92.59,88.81,85.69,3.27,3.40,3.14,22.70,22.12,22.43,104,454,2717,4993,1633,435,29875,8,6,8,22,0.87,0.89,2.31,29400.54712,188011.08,340179.6604,534.26,516.10,480.21,174.77,174.79,174.81,174.63,174.66,174.69,23.34,23.20,23.49,-4.62,-5.31,-4.89,-3.49,-2.61,-2.13,47.00
37.18,41.55,46.61,1.19,2.36,2.42,81.81,87.20,86.47,3.20,3.23,3.33,19.17,20.94,21.14,104,454,2717,4993,1633,435,29875,9,5,5,7,0.68,0.78,0.82,29400.54712,188011.08,340179.6604,592.75,563.51,541.65,174.70,174.73,174.76,174.54,174.59,174.62,20.62,21.98,22.34,-5.69,-5.15,-5.44,-3.16,-3.32,-2.79,38.85
29.32,33.25,37.48,1.24,1.22,1.99,90.97,86.39,88.45,2.30,2.75,2.92,23.99,21.58,21.95,104,454,2717,4993,1633,435,29875,10,4,4,5,0.48,0.58,0.68,29400.54712,188011.08,340179.6604,544.06,568.41,557.02,174.71,174.70,174.72,174.55,174.55,174.58,24.21,22.42,22.72,-3.83,-4.76,-4.71,-1.66,-2.41,-2.77,37.01
16.64,22.98,27.71,0.94,1.09,1.12,62.68,76.82,78.48,3.55,2.93,3.02,18.58,21.28,20.58,104,454,2717,4993,1633,435,29875,11,2,3,4,0.23,0.35,0.46,29400.54712,188011.08,340179.6604,597.01,570.53,577.94,174.66,174.68,174.69,174.52,174.54,174.54,20.48,22.35,21.77,-5.95,-4.89,-5.16,-2.94,-2.30,-2.58,17.75
24.02,20.33,23.33,1.30,1.12,1.16,54.67,58.68,69.44,3.45,3.50,3.10,18.41,18.50,20.33,104,454,2717,4993,1633,435,29875,12,2,2,3,0.25,0.24,0.32,29400.54712,188011.08,340179.6604,642.22,619.61,594.43,174.67,174.66,174.68,174.56,174.54,174.54,19.89,20.18,21.53,-6.32,-6.14,-5.37,3.80,0.43,-0.26,14.60
10.18,17.10,16.95,0.78,1.04,1.01,66.84,60.76,61.40,4.73,4.09,3.91,14.79,16.60,17.26,104,454,2717,4993,1633,435,29875,13,1,2,2,0.12,0.18,0.20,29400.54712,188011.08,340179.6604,590.80,616.51,610.01,174.68,174.67,174.67,174.68,174.62,174.59,16.15,18.02,18.84,-7.95,-7.14,-6.74,5.88,4.84,2.25,17.82
7.91,9.05,14.04,0.36,0.57,0.81,51.62,59.23,57.71,4.53,4.63,4.24,11.09,12.94,14.76,104,454,2717,4993,1633,435,29875,14,1,1,1,0.07,0.09,0.14,29400.54712,188011.08,340179.6604,614.70,602.75,615.90,174.40,174.54,174.58,174.26,174.47,174.50,13.56,14.85,16.53,-7.77,-7.86,-7.35,-6.93,-0.53,0.91,6.78
12.87,10.39,10.32,3.56,1.96,1.57,49.44,50.53,55.97,4.71,4.62,4.66,11.03,11.06,12.30,104,454,2717,4993,1633,435,29875,15,1,1,1,0.09,0.08,0.09,29400.54712,188011.08,340179.6604,649.62,634.43,621.21,174.38,174.39,174.49,174.25,174.26,174.40,12.69,13.07,14.00,-7.45,-7.59,-7.70,-1.89,-4.08,-1.07,4.34
36.76,109.75,86.23,2.44,2.40,1.96,112.31,96.75,96.88,2.68,2.77,2.99,22.59,22.28,22.09,40,772,3036,5100,748,143,18473,4,33,145,103,0.58,2.87,2.06,45169.51798,195816.8832,344734.9322,528.36,501.92,549.10,174.71,174.72,174.73,174.56,174.58,174.60,22.57,21.95,21.27,-4.21,-4.26,-4.30,-2.05,-1.23,-0.52,2.45
21.07,28.91,80.19,3.86,3.15,2.89,97.71,105.01,97.07,3.42,3.05,2.99,24.57,23.58,23.04,40,772,3036,5100,748,143,18473,5,12,22,100,0.19,0.38,1.97,45169.51798,195816.8832,344734.9322,487.52,507.94,497.12,174.69,174.70,174.71,174.54,174.55,174.57,24.17,23.37,22.69,-5.10,-4.65,-4.54,-1.31,-1.68,-1.26,4.09
11.04,16.05,22.95,1.43,2.65,2.58,95.29,96.50,101.77,2.64,3.03,2.92,26.00,25.28,24.38,40,772,3036,5100,748,143,18473,6,4,8,16,0.11,0.15,0.29,45169.51798,195816.8832,344734.9322,447.89,467.71,487.92,174.69,174.69,174.70,174.54,174.54,174.55,25.52,24.84,24.08,-4.16,-4.63,-4.49,-0.18,-0.75,-1.18,5.34
11.81,11.42,14.64,0.33,0.88,1.87,72.26,83.77,88.42,2.62,2.63,2.90,25.01,25.50,25.19,40,772,3036,5100,748,143,18473,7,3,3,6,0.12,0.11,0.14,45169.51798,195816.8832,344734.9322,473.82,460.85,469.74,174.70,174.70,174.70,174.55,174.55,174.54,24.98,25.25,24.89,-4.44,-4.30,-4.57,2.22,1.02,0.24,5.82
12.36,12.08,11.74,5.26,2.80,2.34,102.09,87.17,89.88,3.06,2.84,2.77,25.17,25.09,25.39,40,772,3036,5100,748,143,18473,8,1,2,3,0.14,0.13,0.12,45169.51798,195816.8832,344734.9322,503.85,488.83,475.19,174.66,174.68,174.68,174.43,174.49,174.51,25.57,25.27,25.36,-5.10,-4.77,-4.57,-3.57,-0.67,-0.51,7.31
28.64,20.50,17.60,6.79,6.03,4.13,73.44,87.77,82.60,3.10,3.08,2.93,23.33,24.25,24.50,40,772,3036,5100,748,143,18473,9,3,2,2,0.34,0.24,0.20,45169.51798,195816.8832,344734.9322,617.69,560.77,531.78,174.65,174.65,174.67,174.43,174.43,174.47,24.14,24.85,24.90,-5.20,-5.15,-4.91,-2.65,-3.11,-1.33,7.10
21.60,25.12,20.87,0.05,3.42,4.03,74.00,73.72,83.18,3.13,3.12,3.10,22.61,22.97,23.70,40,772,3036,5100,748,143,18473,10,3,3,2,0.19,0.27,0.23,45169.51798,195816.8832,344734.9322,705.04,661.36,608.86,174.64,174.64,174.65,174.45,174.44,174.44,23.52,23.83,24.41,-5.03,-5.11,-5.11,0.96,-0.85,-1.76,6.88
35.16,28.38,28.47,5.56,2.81,4.13,63.14,68.57,70.19,3.06,3.10,3.10,20.47,21.54,22.14,40,772,3036,5100,748,143,18473,11,6,4,4,0.41,0.30,0.31,45169.51798,195816.8832,344734.9322,661.77,683.41,661.50,174.60,174.62,174.63,174.40,174.43,174.43,22.08,22.80,23.24,-5.33,-5.18,-5.19,-0.25,0.35,-0.65,4.39
33.02,34.09,29.93,1.65,3.61,2.42,61.16,62.15,66.10,3.33,3.20,3.18,19.39,19.93,20.82,40,772,3036,5100,748,143,18473,12,10,8,6,0.41,0.41,0.34,45169.51798,195816.8832,344734.9322,588.76,625.27,651.86,174.58,174.59,174.61,174.40,174.40,174.42,21.37,21.72,22.32,-5.37,-5.35,-5.24,0.22,-0.01,0.31,8.95
43.94,38.48,37.37,3.46,2.56,3.56,50.61,55.89,58.30,3.72,3.53,3.37,16.70,18.04,18.85,40,772,3036,5100,748,143,18473,13,16,13,11,0.58,0.50,0.47,45169.51798,195816.8832,344734.9322,645.01,616.89,631.85,174.61,174.60,174.60,174.46,174.43,174.42,18.53,19.95,20.66,-6.13,-5.75,-5.61,2.44,1.33,0.80,2.21
14.44,29.19,30.46,0.84,2.15,1.98,44.83,47.72,52.20,4.00,3.86,3.68,14.63,15.66,16.90,40,772,3036,5100,748,143,18473,14,4,10,10,0.17,0.37,0.39,45169.51798,195816.8832,344734.9322,610.90,627.95,614.89,174.48,174.54,174.56,174.32,174.39,174.39,16.60,17.57,18.83,-6.05,-6.09,-5.85,-2.59,-0.08,0.02,1.46
386.04,245.62,183.03,2.82,5.40,4.17,90.23,95.72,99.45,2.98,3.56,3.51,21.63,20.72,21.35,43,373,2386,4590,1532,287,24254,4,366,217,155,14.52,8.21,5.74,37922.49317,174514.4308,334949.5188,403.65,511.65,536.98,174.93,174.92,174.92,174.81,174.78,174.79,21.80,21.07,21.43,-4.52,-5.32,-5.08,-1.30,-3.22,-2.99,1.94
699.21,542.62,396.81,4.06,3.44,4.95,102.63,96.43,98.02,2.59,2.79,3.24,23.38,22.50,21.61,43,373,2386,4590,1532,287,24254,5,314,340,249,24.47,19.49,13.63,37922.49317,174514.4308,334949.5188,327.73,365.69,450.34,174.95,174.94,174.93,174.78,174.80,174.78,23.26,22.53,21.80,-4.15,-4.33,-4.93,-1.78,-1.54,-2.74,2.39
171.45,435.33,418.90,1.02,2.54,2.63,95.23,98.93,96.03,2.98,2.79,2.85,22.49,22.93,22.50,43,373,2386,4590,1532,287,24254,6,52,183,244,3.93,14.20,14.31,37922.49317,174514.4308,334949.5188,386.52,358.52,373.08,174.96,174.95,174.95,174.84,174.81,174.81,23.13,23.19,22.74,-4.75,-4.47,-4.48,0.65,-0.50,-0.76,3.03
32.83,102.14,301.16,1.04,1.03,2.04,90.07,92.65,95.98,2.85,2.92,2.81,21.59,22.04,22.49,43,373,2386,4590,1532,287,24254,7,6,29,124,0.54,2.24,9.65,37922.49317,174514.4308,334949.5188,379.38,383.63,364.16,174.88,174.92,174.93,174.71,174.77,174.78,22.43,22.67,22.94,-4.74,-4.88,-4.60,-3.02,-1.10,-1.36,10.57
16.01,24.42,73.43,2.74,1.89,1.60,81.63,85.85,88.97,2.99,2.92,2.94,22.42,22.01,22.17,43,373,2386,4590,1532,287,24254,8,2,4,20,0.27,0.40,1.58,37922.49317,174514.4308,334949.5188,376.24,377.81,381.17,174.89,174.89,174.91,174.71,174.71,174.75,22.74,22.59,22.69,-4.83,-4.79,-4.87,-1.08,-2.05,-1.09,14.42
22.04,19.03,23.63,1.06,1.90,1.61,87.28,84.45,86.32,2.99,2.99,2.94,19.94,21.18,21.32,43,373,2386,4590,1532,287,24254,9,3,2,4,0.32,0.29,0.38,37922.49317,174514.4308,334949.5188,497.11,439.55,420.14,174.87,174.88,174.88,174.69,174.70,174.70,21.17,21.92,22.08,-5.19,-5.02,-4.93,0.90,-0.04,-1.01,11.47
22.88,22.46,20.31,1.83,1.45,1.88,82.02,84.65,83.64,3.93,3.46,3.30,16.07,18.00,19.48,43,373,2386,4590,1532,287,24254,10,2,3,2,0.32,0.32,0.30,37922.49317,174514.4308,334949.5188,627.76,566.59,504.44,174.82,174.85,174.86,174.65,174.67,174.68,17.56,19.22,20.44,-6.79,-6.06,-5.59,-0.70,0.15,-0.15,7.07
8.60,15.74,17.84,4.88,3.36,2.59,68.57,75.29,79.29,2.15,3.04,3.03,19.71,17.89,18.57,43,373,2386,4590,1532,287,24254,11,1,2,2,0.09,0.21,0.25,37922.49317,174514.4308,334949.5188,661.42,644.59,598.20,174.80,174.81,174.83,174.63,174.64,174.66,20.20,18.88,19.54,-3.58,-5.18,-5.23,1.76,0.53,0.69,19.28
23.11,15.86,18.20,0.00,2.44,2.24,53.94,61.26,68.18,2.76,2.46,2.95,21.09,20.40,18.95,43,373,2386,4590,1532,287,24254,12,2,1,2,0.26,0.18,0.23,37922.49317,174514.4308,334949.5188,637.61,649.51,642.26,174.75,174.77,174.79,174.59,174.61,174.62,21.38,20.79,19.71,-4.19,-3.89,-4.85,0.09,0.92,0.38,14.86
7.30,15.21,13.00,4.24,2.12,3.04,51.72,52.83,58.08,3.52,3.14,2.81,18.48,19.78,19.76,43,373,2386,4590,1532,287,24254,13,1,1,1,0.08,0.17,0.15,37922.49317,174514.4308,334949.5188,682.99,660.30,660.67,174.70,174.72,174.75,174.54,174.56,174.59,19.40,20.39,20.33,-5.22,-4.71,-4.33,-0.49,-0.20,0.45,11.82
17.94,12.62,16.12,1.35,2.80,1.86,39.91,45.81,48.52,4.28,3.90,3.52,14.19,16.34,17.92,43,373,2386,4590,1532,287,24254,14,2,1,1,0.19,0.14,0.18,37922.49317,174514.4308,334949.5188,697.14,690.06,672.58,174.67,174.68,174.71,174.55,174.54,174.56,17.00,18.20,19.26,-6.84,-6.03,-5.42,-2.13,-1.31,-0.85,6.40
250.60,165.72,163.89,3.08,3.48,3.07,119.49,109.39,102.75,3.11,3.33,3.04,22.18,20.47,20.74,104,671,2815,4825,1051,215,19413,2,283,154,122,6.41,3.80,3.44,47933.20964,202691.4043,345015.2778,530.64,560.31,554.43,174.99,174.99,174.99,174.93,174.93,174.93,20.54,18.95,19.04,0.50,1.23,0.44,1.52,1.13,0.94,1.70
410.12,330.36,247.19,1.96,2.52,2.97,93.92,106.71,104.24,3.25,3.18,3.30,22.03,22.10,20.99,104,671,2815,4825,1051,215,19413,3,367,325,225,14.93,10.67,7.51,47933.20964,202691.4043,345015.2778,471.58,501.11,530.73,175.04,175.02,175.00,174.97,174.95,174.94,21.00,20.77,19.64,0.85,0.67,1.10,1.37,1.44,1.21,3.29
58.30,234.21,239.67,0.00,0.98,1.68,77.52,85.72,96.98,2.93,3.09,3.10,24.50,23.26,22.90,104,671,2815,4825,1051,215,19413,4,43,205,231,1.01,7.97,7.45,47933.20964,202691.4043,345015.2778,514.28,492.93,505.50,175.01,175.02,175.01,174.91,174.94,174.94,24.22,22.61,21.92,0.14,0.49,0.50,1.43,1.40,1.44,2.06
21.33,39.81,163.25,0.71,0.36,0.89,91.98,84.75,87.80,2.54,2.73,2.91,24.33,24.42,23.62,104,671,2815,4825,1051,215,19413,5,7,25,139,0.29,0.65,5.41,47933.20964,202691.4043,345015.2778,453.75,484.01,479.87,174.97,174.99,175.01,174.85,174.88,174.91,24.18,24.20,23.13,0.15,0.14,0.38,2.26,1.85,1.69,3.52
41.71,31.52,40.45,1.93,1.32,0.88,100.67,96.32,90.05,2.50,2.52,2.66,22.63,23.48,23.82,104,671,2815,4825,1051,215,19413,6,7,7,19,0.78,0.53,0.69,47933.20964,202691.4043,345015.2778,510.81,483.63,493.52,174.94,174.95,174.97,174.80,174.83,174.85,22.96,23.54,23.76,0.01,0.08,0.10,0.10,1.13,1.23,6.36
34.95,38.33,32.66,6.76,4.34,3.13,103.35,102.01,98.67,2.55,2.52,2.53,24.36,23.49,23.77,104,671,2815,4825,1051,215,19413,7,5,6,6,0.62,0.70,0.56,47933.20964,202691.4043,345015.2778,552.27,535.83,504.70,174.89,174.92,174.93,174.73,174.77,174.79,24.47,23.74,23.87,-3.05,-1.18,-1.12,-2.73,-1.67,-0.28,7.36
63.93,49.44,46.86,3.35,5.06,4.01,89.50,96.43,97.84,2.37,2.46,2.47,24.04,24.20,23.68,104,671,2815,4825,1051,215,19413,8,10,7,7,1.16,0.89,0.85,47933.20964,202691.4043,345015.2778,527.88,540.07,533.18,174.91,174.90,174.91,174.74,174.74,174.76,24.21,24.34,23.89,-0.75,-1.90,-1.04,0.01,-1.36,-1.11,7.94
228.56,146.25,109.15,1.95,2.65,4.02,82.47,85.99,91.78,3.82,3.10,2.91,23.26,23.65,23.88,104,671,2815,4825,1051,215,19413,9,52,31,22,6.10,3.63,2.63,47933.20964,202691.4043,345015.2778,429.59,476.39,500.87,174.87,174.89,174.89,174.67,174.71,174.72,23.51,23.85,24.05,-2.05,-1.43,-1.95,-1.87,-0.98,-1.54,5.72
31.80,130.18,108.10,6.20,4.07,3.83,59.62,71.05,77.20,3.83,3.82,3.34,22.86,23.06,23.39,104,671,2815,4825,1051,215,19413,10,5,29,23,0.64,3.37,2.63,47933.20964,202691.4043,345015.2778,418.50,416.64,454.68,174.94,174.90,174.90,174.83,174.75,174.75,24.25,23.86,23.98,3.00,0.65,-0.05,-0.87,-1.51,-1.05,5.53
34.83,33.31,98.39,0.15,3.18,2.77,68.36,63.99,70.15,2.19,3.01,3.28,22.03,22.45,22.72,104,671,2815,4825,1051,215,19413,11,6,6,21,0.62,0.63,2.45,47933.20964,202691.4043,345015.2778,532.49,475.50,455.26,174.88,174.91,174.90,174.73,174.78,174.74,22.92,23.59,23.55,3.18,3.09,1.50,-1.15,-1.01,-1.39,2.84
20.95,27.89,29.19,1.22,0.69,2.52,54.96,61.66,60.98,3.86,3.02,3.29,17.58,19.81,20.83,104,671,2815,4825,1051,215,19413,12,2,4,5,0.31,0.46,0.52,47933.20964,202691.4043,345015.2778,673.43,602.96,541.47,174.81,174.84,174.87,174.64,174.68,174.73,21.18,22.05,22.78,4.69,3.94,3.63,-5.05,-3.10,-2.36,0.90
115.55,267.70,275.76,6.69,3.40,3.75,102.15,95.68,90.53,2.24,2.47,2.75,24.41,23.31,21.52,87,696,2967,5230,1946,320,23162,3,31,104,107,2.15,7.94,7.35,36740.43512,197166.203,355776.7359,513.32,451.31,464.96,175.31,175.29,175.27,175.21,175.20,175.19,24.21,22.72,21.05,0.78,0.02,0.01,1.60,0.23,0.11,0.44
122.23,118.89,219.21,3.73,5.21,3.51,84.27,93.21,91.88,2.98,2.61,2.64,25.14,24.78,23.92,87,696,2967,5230,1946,320,23162,4,47,39,85,2.38,2.26,6.08,36740.43512,197166.203,355776.7359,518.63,515.97,473.75,175.27,175.29,175.28,175.13,175.17,175.18,25.15,24.68,23.53,-2.44,-0.83,-0.80,-2.10,-0.25,-0.55,1.93
147.42,134.82,128.40,2.77,3.25,4.40,100.65,92.46,95.69,3.09,3.04,2.77,23.40,24.27,24.32,87,696,2967,5230,1946,320,23162,5,76,62,51,3.82,3.10,2.78,36740.43512,197166.203,355776.7359,430.63,472.53,485.69,175.24,175.25,175.27,175.12,175.12,175.15,23.95,24.52,24.42,0.07,-1.13,-0.51,-1.86,-1.97,-0.82,4.98
26.61,87.01,98.75,1.22,2.00,2.57,69.55,85.10,84.82,2.44,2.76,2.84,23.44,23.42,24.00,87,696,2967,5230,1946,320,23162,6,9,43,44,0.41,2.12,2.20,36740.43512,197166.203,355776.7359,437.80,434.20,458.04,175.19,175.22,175.23,175.06,175.09,175.10,23.87,23.83,24.26,0.90,0.38,-0.42,-1.70,-1.97,-1.80,7.22
82.54,54.57,85.52,12.36,6.79,5.45,98.64,84.09,89.61,2.51,2.47,2.68,23.86,23.65,23.57,87,696,2967,5230,1946,320,23162,7,26,18,37,1.46,0.94,1.90,36740.43512,197166.203,355776.7359,469.12,453.46,445.84,175.17,175.18,175.20,175.03,175.05,175.07,23.58,23.72,23.75,-1.46,-0.28,-0.23,-0.75,-1.22,-1.56,5.36
117.73,100.13,75.63,2.34,7.35,5.31,72.87,85.75,80.35,3.79,3.15,2.91,20.97,22.41,22.76,87,696,2967,5230,1946,320,23162,8,55,40,30,2.80,2.13,1.56,36740.43512,197166.203,355776.7359,440.05,453.90,448.70,175.15,175.16,175.17,175.01,175.02,175.03,21.71,22.60,23.01,-0.75,-1.09,-0.45,1.49,0.43,-0.26,4.55
36.45,77.09,78.91,0.33,1.33,5.01,79.48,76.17,83.66,2.76,3.28,3.02,20.23,20.60,21.69,87,696,2967,5230,1946,320,23162,9,10,32,30,0.63,1.72,1.63,36740.43512,197166.203,355776.7359,504.69,472.37,472.16,175.08,175.12,175.13,174.94,174.98,174.99,20.50,20.97,21.87,1.06,0.24,-0.28,0.67,1.34,0.57,2.00
21.17,28.81,58.45,5.15,2.74,2.61,64.59,72.04,72.31,2.85,2.81,3.14,21.38,20.80,20.86,87,696,2967,5230,1946,320,23162,10,5,8,23,0.27,0.45,1.23,36740.43512,197166.203,355776.7359,489.23,496.96,477.99,175.07,175.08,175.10,174.94,174.94,174.96,21.47,20.98,21.13,-0.50,0.28,0.00,1.45,1.06,1.37,0.29
29.66,25.41,29.09,4.15,4.65,3.21,56.41,60.50,66.83,3.76,3.30,3.12,20.73,21.05,20.78,87,696,2967,5230,1946,320,23162,11,7,6,7,0.43,0.35,0.44,36740.43512,197166.203,355776.7359,506.89,498.06,500.27,174.99,175.03,175.05,174.83,174.88,174.90,21.20,21.34,21.06,-0.40,-0.45,0.05,-2.25,-0.40,-0.05,0.82
